
=== SHEET: Mesačný priemer vonk. teploty (rows=60, cols=24) ===

Mesačný priemer vonkajšej tepl																							
STN EN ISO 13790/NA: Tabuľka N																							
pre teplotné oblasti I, II, II																							
																							
																							
Mesto	Nitra	Mesiac	θe (°C)		Mesto	Senica	Mesiac	θe (°C)		Mesto	Topolcany	Mesiac	θe (°C)		Mesto	Piestany	Mesiac	θe (°C)		Mesto	Zilina	Mesiac	θe (°C)
Oblasť	1	I	-1.6400000000000001		Oblasť	2	I	-2.58		Oblasť	2	I	-2.568		Oblasť	1	I	-1.7520000000000002		Oblasť	2	I	-3.26
Nad. v. (m.n.m.)	135	II	0.625		Nad. v. (m.n.m.)	195	II	-0.375		Nad. v. (m.n.m.)	192	II	-0.36		Nad. v. (m.n.m.)	163	II	0.485		Nad. v. (m.n.m.)	365	II	-1.225
		III	5.390000000000001				III	4.13				III	4.148				III	5.222				III	3.11
		IV	10.754999999999999				IV	9.735				IV	9.756				IV	10.559				IV	8.545
		V	15.655000000000001				V	14.635				V	14.656				V	15.459000000000001				V	13.445
		VI	18.6875				VI	17.637500000000003				VI	17.66				VI	18.4775				VI	16.3625
		VII	20.3875				VII	19.2375				VII	19.259999999999998				VII	20.1775				VII	17.9625
		VIII	19.7875				VIII	18.637500000000003				VIII	18.66				VIII	19.5775				VIII	17.3625
		IX	15.422500000000001				IX	14.4325				IX	14.452				IX	15.2405				IX	13.327499999999999
		X	10.024999999999999				X	9.225				X	9.239999999999998				X	9.885				X	8.375
		XI	4.4925				XI	3.8225000000000002				XI	3.8360000000000003				XI	4.366499999999999				XI	3.0575
		XII	-0.10749999999999993				XII	-0.7775				XII	-0.7639999999999999				XII	-0.23349999999999993				XII	-1.5424999999999998
																							
Mesto	Dolny Kubin	Mesiac	θe (°C)		Mesto	Banska Bystrica	Mesiac	θe (°C)		Mesto	Trebisov	Mesiac	θe (°C)		Mesto	Bardejov	Mesiac	θe (°C)		Mesto	Presov	Mesiac	θe (°C)
Oblasť	2	I	-3.672		Oblasť	2	I	-3.516		Oblasť	2	I	-2.22		Oblasť	2	I	-3.02		Oblasť	2	I	-3.028
Nad. v. (m.n.m.)	468	II	-1.7399999999999998		Nad. v. (m.n.m.)	429	II	-1.545		Nad. v. (m.n.m.)	105	II	0.07499999999999996		Nad. v. (m.n.m.)	305	II	-0.9250000000000002		Nad. v. (m.n.m.)	307	II	-0.9350000000000002
		III	2.4919999999999995				III	2.726				III	4.67				III	3.4699999999999998				III	3.4579999999999997
		IV	7.824				IV	8.097				IV	10.365				IV	8.965				IV	8.951
		V	12.724				V	12.997				V	15.265				V	13.865				V	13.850999999999999
		VI	15.590000000000002				VI	15.882500000000002				VI	18.3125				VI	16.8125				VI	16.797500000000003
		VII	17.189999999999998				VII	17.482499999999998				VII	19.912499999999998				VII	18.412499999999998				VII	18.3975
		VIII	16.590000000000003				VIII	16.8825				VIII	19.3125				VIII	17.8125				VIII	17.797500000000003
		IX	12.658				IX	12.9115				IX	15.0175				IX	13.7175				IX	13.7045
		X	7.859999999999999				X	8.055				X	9.674999999999999				X	8.674999999999999				X	8.665
		XI	2.5940000000000003				XI	2.7695000000000003				XI	4.2275				XI	3.3275000000000006				XI	3.3185000000000002
		XII	-2.006				XII	-1.8304999999999998				XII	-0.37249999999999994				XII	-1.2724999999999997				XII	-1.2814999999999999
																							
Mesto	Bratislava-letisko	Mesiac	θe (°C)		Mesto	Košice-letisko	Mesiac	θe (°C)		Mesto	Poprad	Mesiac	θe (°C)		Mesto	Liptovský Mikuláš	Mesiac	θe (°C)		Mesto	Oravská Lesná	Mesiac	θe (°C)
Oblasť	1	I	-1.6320000000000001		Oblasť	2	I	-2.72		Oblasť	3	I	-5.276		Oblasť	2	I	-4.0760000000000005		Oblasť	3	I	-5.62
Nad. v. (m.n.m.)	133	II	0.635		Nad. v. (m.n.m.)	230	II	-0.5500000000000002		Nad. v. (m.n.m.)	694	II	-3.5700000000000003		Nad. v. (m.n.m.)	569	II	-2.245		Nad. v. (m.n.m.)	780	II	-4
		III	5.402				III	3.92				III	0.23600000000000065				III	1.8859999999999997				III	-0.27999999999999936
		IV	10.768999999999998				IV	9.49				IV	5.542				IV	7.116999999999999				IV	4.94
		V	15.669				V	14.39				V	10.542				V	12.017				V	9.940000000000001
		VI	18.7025				VI	17.375				VI	13.295				VI	14.832500000000001				VI	12.65
		VII	20.4025				VII	18.974999999999998				VII	14.795				VII	16.432499999999997				VII	14.15
		VIII	19.802500000000002				VIII	18.375				VIII	14.194999999999999				VIII	15.832500000000001				VIII	13.549999999999999
		IX	15.435500000000001				IX	14.205				IX	11.489				IX	12.0015				IX	10.93
		X	10.035				X	9.049999999999999				X	6.129999999999999				X	7.354999999999999				X	5.699999999999999
		XI	4.5015				XI	3.665				XI	1.0770000000000004				XI	2.1395000000000004				XI	0.6900000000000004
		XII	-0.09849999999999992				XII	-0.9349999999999999				XII	-3.6229999999999998				XII	-2.4604999999999997				XII	-4.01
																							
Mesto	Rimavská Sobota	Mesiac	θe (°C)		Mesto	Trenč. Biskupice	Mesiac	θe (°C)															
Oblasť	2	I	-2.66		Oblasť	2	I	-2.604															
Nad. v. (m.n.m.)	215	II	-0.475		Nad. v. (m.n.m.)	201	II	-0.40500000000000014															
		III	4.01				III	4.093999999999999															
		IV	9.594999999999999				IV	9.693															
		V	14.495				V	14.593															
		VI	17.4875				VI	17.5925															
		VII	19.0875				VII	19.1925															
		VIII	18.4875				VIII	18.5925															
		IX	14.302499999999998				IX	14.3935															
		X	9.125				X	9.194999999999999															
		XI	3.7325000000000004				XI	3.7955															
		XII	-0.8674999999999999				XII	-0.8045															

=== SHEET: Intenzita sln. žiarenia (rows=267, cols=61) ===

Intenzita slnečného žiarenia																																																												
STN EN ISO 13790/NA: Tabuľka N																																																												
vypočítané pre vybrané klimato																																																												
																																																												
Pri rozdiele nadmorskej výšky 																																																												
																																																												
Horizontálna rovina								Sklon 30°														Sklon 60°																Sklon 45° (interpolácia)										Sklon 90°												
																																																												
month	days	hours	horizontal						South			North			East 			West							South			North			East 			West					South		North		East		West				South			North			East 			West		
			W/m2	kWh/m2					kvoc	W/m2	kWh/m2	kvoc	W/m2	kWh/m2	kvoc	W/m2	kWh/m2	kvoc	W/m2	kWh/m2					kvoc	W/m2	kWh/m2	kvoc	W/m2	kWh/m2	kvoc	W/m2	kWh/m2	kvoc	W/m2	kWh/m2			W/m2	kWh/m2	W/m2	kWh/m2	W/m2	kWh/m2	W/m2	kWh/m2			kvoc	W/m2	kWh/m2	kvoc	W/m2	kWh/m2	kvoc	W/m2	kWh/m2	kvoc	W/m2	kWh/m2
I	31	744	34.946236559139784	26					1.62	56.612903225806456	42.120000000000005	0.5	17.473118279569892	13	1	34.946236559139784	26	1	34.946236559139784	26					1.96	68.49462365591397	50.96	0.49	17.123655913978492	12.74	0.95	33.19892473118279	24.7	0.95	33.19892473118279	24.7			62.55376344086021	46.540000000000006	17.298387096774192	12.870000000000001	34.07258064516129	25.35	34.07258064516129	25.35			1.94	67.79569892473118	50.44	0.53	18.521505376344088	13.780000000000001	0.85	29.704301075268816	22.099999999999998	0.85	29.704301075268816	22.099999999999998
II	28	672	72.91666666666667	49					1.46	106.45833333333334	71.53999999999999	0.43	31.354166666666668	21.07	0.99	72.1875	48.51	0.99	72.1875	48.51					1.65	120.3125	80.85	0.41	29.895833333333332	20.09	0.91	66.35416666666667	44.59	0.91	66.35416666666667	44.59			113.38541666666667	76.195	30.625	20.58	69.27083333333334	46.55	69.27083333333334	46.55			1.53	111.56250000000001	74.97	0.44	32.083333333333336	21.56	0.78	56.87500000000001	38.22	0.78	56.87500000000001	38.22
III	31	744	118.27956989247312	88					1.26	149.03225806451613	110.88	0.51	60.322580645161295	44.88	0.96	113.54838709677419	84.47999999999999	0.96	113.54838709677419	84.47999999999999					1.28	151.3978494623656	112.64	0.33	39.03225806451613	29.040000000000003	0.84	99.35483870967742	73.92	0.84	99.35483870967742	73.92			150.21505376344086	111.75999999999999	49.67741935483871	36.96	106.45161290322581	79.19999999999999	106.45161290322581	79.19999999999999			1.05	124.19354838709678	92.4	0.32	37.8494623655914	28.16	0.67	79.24731182795699	58.96	0.67	79.24731182795699	58.96
IV	30	720	186.11111111111111	134				NITRA	1.1	204.72222222222223	147.4	0.68	126.55555555555557	91.12	0.94	174.94444444444443	125.96	0.94	174.94444444444443	125.96		NITRA			0.99	184.25	132.66	0.33	61.41666666666667	44.22	0.8	148.88888888888889	107.2	0.8	148.88888888888889	107.2		NITRA	194.48611111111111	140.03	93.98611111111111	67.67	161.91666666666666	116.58	161.91666666666666	116.58		Nitra	0.71	132.13888888888889	95.14	0.28	52.111111111111114	37.52	0.59	109.80555555555556	79.06	0.59	109.80555555555556	79.06
V	31	744	223.11827956989248	166				oblast 1	1.01	225.3494623655914	167.66	0.79	176.26344086021507	131.14000000000001	0.94	209.7311827956989	156.04	0.94	209.7311827956989	156.04		oblast 1			0.84	187.41935483870967	139.44	0.39	87.01612903225806	64.74000000000001	0.79	176.26344086021507	131.14000000000001	0.79	176.26344086021507	131.14000000000001		oblast 1	206.38440860215053	153.55	131.63978494623657	97.94000000000001	192.997311827957	143.59	192.997311827957	143.59		oblast 1	0.55	122.71505376344088	91.30000000000001	0.3	66.93548387096774	49.8	0.57	127.1774193548387	94.61999999999999	0.57	127.1774193548387	94.61999999999999
VI	30	720	247.22222222222223	178					0.97	239.80555555555554	172.66	0.82	202.72222222222223	145.95999999999998	0.93	229.91666666666669	165.54000000000002	0.93	229.91666666666669	165.54000000000002					0.78	192.83333333333334	138.84	0.45	111.25	80.10000000000001	0.78	192.83333333333334	138.84	0.78	192.83333333333334	138.84			216.31944444444446	155.75	156.98611111111111	113.03	211.375	152.19	211.375	152.19			0.49	121.13888888888889	87.22	0.31	76.63888888888889	55.18	0.55	135.97222222222223	97.9	0.55	135.97222222222223	97.9
VII	31	744	229.83870967741936	171					0.98	225.24193548387098	167.57999999999998	0.81	186.1693548387097	138.51000000000002	0.93	213.75000000000003	159.03	0.93	213.75000000000003	159.03					0.81	186.1693548387097	138.51000000000002	0.42	96.53225806451613	71.82	0.78	179.2741935483871	133.38	0.78	179.2741935483871	133.38			205.70564516129033	153.04500000000002	141.35080645161293	105.165	196.51209677419357	146.20499999999998	196.51209677419357	146.20499999999998			0.51	117.21774193548387	87.21000000000001	0.3	68.95161290322581	51.3	0.55	126.41129032258065	94.05000000000001	0.55	126.41129032258065	94.05000000000001
VIII	31	744	197.58064516129033	147					1.05	207.45967741935485	154.35	0.73	144.23387096774195	107.31	0.93	183.75000000000003	136.71	0.93	183.75000000000003	136.71					0.91	179.7983870967742	133.77	0.34	67.17741935483872	49.980000000000004	0.79	156.08870967741936	116.13000000000001	0.79	156.08870967741936	116.13000000000001			193.6290322580645	144.06	105.70564516129033	78.64500000000001	169.9193548387097	126.42000000000002	169.9193548387097	126.42000000000002			0.62	122.5	91.14	0.29	57.29838709677419	42.629999999999995	0.58	114.59677419354838	85.25999999999999	0.58	114.59677419354838	85.25999999999999
IX	30	720	154.16666666666666	111					1.18	181.91666666666666	130.98	0.58	89.41666666666666	64.38	0.95	146.45833333333331	105.44999999999999	0.95	146.45833333333331	105.44999999999999					1.12	172.66666666666669	124.32000000000001	0.3	46.24999999999999	33.3	0.81	124.875	89.91000000000001	0.81	124.875	89.91000000000001			177.29166666666669	127.65	67.83333333333333	48.839999999999996	135.66666666666666	97.68	135.66666666666666	97.68			0.85	131.04166666666666	94.35	0.27	41.625	29.970000000000002	0.6	92.49999999999999	66.6	0.6	92.49999999999999	66.6
X	31	744	86.02150537634408	64					1.35	116.12903225806451	86.4	0.43	36.98924731182795	27.52	0.96	82.58064516129032	61.44	0.96	82.58064516129032	61.44					1.43	123.01075268817203	91.52	0.33	28.387096774193548	21.12	0.84	72.25806451612902	53.76	0.84	72.25806451612902	53.76			119.56989247311827	88.96000000000001	32.68817204301075	24.32	77.41935483870967	57.599999999999994	77.41935483870967	57.599999999999994			1.22	104.94623655913978	78.08	0.29	24.94623655913978	18.56	0.64	55.053763440860216	40.96	0.64	55.053763440860216	40.96
XI	30	720	41.666666666666664	30					1.53	63.75	45.9	0.45	18.75	13.5	0.98	40.83333333333333	29.4	0.98	40.83333333333333	29.4					1.76	73.33333333333333	52.8	0.39	16.25	11.700000000000001	0.85	35.416666666666664	25.5	0.85	35.416666666666664	25.5			68.54166666666666	49.349999999999994	17.5	12.600000000000001	38.125	27.45	38.125	27.45			1.62	67.5	48.6	0.35	14.583333333333332	10.5	0.64	26.666666666666664	19.2	0.64	26.666666666666664	19.2
XII	31	744	26.881720430107528	20					1.81	48.655913978494624	36.2	0.45	12.096774193548388	9	1	26.881720430107528	20	1	26.881720430107528	20					2.23	59.946236559139784	44.6	0.42	11.290322580645162	8.4	0.9	24.193548387096776	18	0.9	24.193548387096776	18			54.3010752688172	40.400000000000006	11.693548387096776	8.7	25.537634408602152	19	25.537634408602152	19			2.19	58.87096774193549	43.8	0.43	11.559139784946236	8.6	0.75	20.161290322580648	15	0.75	20.161290322580648	15
																																																												
month	days	hours		horizontal					South			North			East 			West							South			North			East 			West					South		North		East		West				South			North			East 			West		
			W/m2	kWh/m2					kvoc	W/m2	kWh/m2	kvoc	W/m2	kWh/m2	kvoc	W/m2	kWh/m2	kvoc	W/m2	kWh/m2					kvoc	W/m2	kWh/m2	kvoc	W/m2	kWh/m2	kvoc	W/m2	kWh/m2	kvoc	W/m2	kWh/m2			W/m2	kWh/m2	W/m2	kWh/m2	W/m2	kWh/m2	W/m2	kWh/m2			kvoc	W/m2	kWh/m2	kvoc	W/m2	kWh/m2	kvoc	W/m2	kWh/m2	kvoc	W/m2	kWh/m2
I	31	744	38.97849462365591	29					1.61	62.755376344086024	46.690000000000005	0.52	20.268817204301076	15.08	1	38.97849462365591	29	1	38.97849462365591	29					1.94	75.61827956989247	56.26	0.51	19.879032258064516	14.790000000000001	0.95	37.02956989247311	27.549999999999997	0.95	37.02956989247311	27.549999999999997			69.18682795698925	51.475	20.073924731182796	14.935	38.00403225806451	28.275	38.00403225806451	28.275			1.92	74.83870967741935	55.68	0.55	21.438172043010752	15.950000000000001	0.85	33.13172043010753	24.65	0.85	33.13172043010753	24.65
II	28	672	77.38095238095238	52					1.45	112.20238095238095	75.39999999999999	0.45	34.82142857142857	23.400000000000002	0.98	75.83333333333333	50.96	0.98	75.83333333333333	50.96					1.64	126.9047619047619	85.28	0.44	34.047619047619044	22.88	0.92	71.19047619047619	47.84	0.92	71.19047619047619	47.84			119.55357142857142	80.34	34.43452380952381	23.14	73.51190476190476	49.400000000000006	73.51190476190476	49.400000000000006			1.54	119.16666666666667	80.08	0.47	36.36904761904761	24.439999999999998	0.8	61.904761904761905	41.6	0.8	61.904761904761905	41.6
III	31	744	127.68817204301075	95					1.25	159.61021505376345	118.75	0.52	66.3978494623656	49.4	0.96	122.58064516129032	91.2	0.96	122.58064516129032	91.2					1.28	163.44086021505376	121.60000000000001	0.35	44.69086021505376	33.25	0.85	108.53494623655914	80.75	0.85	108.53494623655914	80.75			161.5255376344086	120.17500000000001	55.54435483870968	41.325	115.55779569892474	85.975	115.55779569892474	85.975			1.06	135.3494623655914	100.7	0.34	43.413978494623656	32.300000000000004	0.67	85.55107526881721	63.650000000000006	0.67	85.55107526881721	63.650000000000006
IV	30	720	191.66666666666666	138					1.09	208.91666666666669	150.42000000000002	0.68	130.33333333333334	93.84	0.94	180.16666666666666	129.72	0.94	180.16666666666666	129.72					0.99	189.75	136.62	0.34	65.16666666666667	46.92	0.81	155.25	111.78	0.81	155.25	111.78			199.33333333333334	143.52	97.75	70.38	167.70833333333331	120.75	167.70833333333331	120.75			0.72	138	99.36	0.3	57.49999999999999	41.4	0.59	113.08333333333333	81.42	0.59	113.08333333333333	81.42
V	31	744	231.18279569892474	172				SENICA 2	1.01	233.49462365591398	173.72	0.79	182.63440860215056	135.88	0.94	217.31182795698925	161.67999999999998	0.94	217.31182795698925	161.67999999999998		SENICA 2			0.84	194.19354838709677	144.48	0.4	92.4731182795699	68.8	0.79	182.63440860215056	135.88	0.79	182.63440860215056	135.88		SENICA 2	213.84408602150538	159.1	137.55376344086022	102.34	199.97311827956992	148.77999999999997	199.97311827956992	148.77999999999997		Senica	0.55	127.15053763440862	94.60000000000001	0.3	69.35483870967742	51.6	0.56	129.46236559139786	96.32000000000001	0.56	129.46236559139786	96.32000000000001
VI	30	720	250	180					0.97	242.5	174.6	0.82	205	147.6	0.93	232.5	167.4	0.93	232.5	167.4					0.78	195	140.4	0.45	112.5	81	0.78	195	140.4	0.78	195	140.4			218.75	157.5	158.75	114.3	213.75	153.9	213.75	153.9		oblast 2	0.5	125	90	0.32	80	57.6	0.55	137.5	99.00000000000001	0.55	137.5	99.00000000000001
VII	31	744	240.59139784946237	179					0.98	235.77956989247312	175.42	0.81	194.87903225806454	144.99	0.93	223.75	166.47	0.93	223.75	166.47					0.81	194.87903225806454	144.99	0.42	101.04838709677419	75.17999999999999	0.78	187.66129032258064	139.62	0.78	187.66129032258064	139.62			215.32930107526883	160.20499999999998	147.96370967741936	110.08500000000001	205.7056451612903	153.04500000000002	205.7056451612903	153.04500000000002			0.52	125.10752688172043	93.08	0.31	74.58333333333333	55.49	0.55	132.32526881720432	98.45	0.55	132.32526881720432	98.45
VIII	31	744	208.33333333333334	155					1.04	216.66666666666669	161.20000000000002	0.73	152.08333333333334	113.14999999999999	0.94	195.83333333333334	145.7	0.94	195.83333333333334	145.7					0.91	189.58333333333334	141.05	0.35	72.91666666666667	54.25	0.79	164.58333333333334	122.45	0.79	164.58333333333334	122.45			203.125	151.125	112.5	83.69999999999999	180.20833333333334	134.075	180.20833333333334	134.075			0.62	129.16666666666669	96.1	0.3	62.5	46.5	0.57	118.75	88.35	0.57	118.75	88.35
IX	30	720	166.66666666666666	120					1.17	194.99999999999997	140.39999999999998	0.59	98.33333333333333	70.8	0.95	158.33333333333331	114	0.95	158.33333333333331	114					1.11	185	133.20000000000002	0.31	51.666666666666664	37.2	0.81	135	97.2	0.81	135	97.2			190	136.8	75	54	146.66666666666666	105.6	146.66666666666666	105.6			0.85	141.66666666666666	102	0.28	46.66666666666667	33.6	0.6	99.99999999999999	72	0.6	99.99999999999999	72
X	31	744	98.11827956989248	73					1.33	130.497311827957	97.09	0.45	44.153225806451616	32.85	0.96	94.19354838709678	70.08	0.96	94.19354838709678	70.08					1.4	137.36559139784947	102.19999999999999	0.34	33.36021505376345	24.82	0.84	82.41935483870968	61.32	0.84	82.41935483870968	61.32			133.93145161290323	99.645	38.756720430107535	28.835	88.30645161290323	65.7	88.30645161290323	65.7			1.19	116.76075268817205	86.86999999999999	0.3	29.435483870967744	21.9	0.63	61.81451612903226	45.99	0.63	61.81451612903226	45.99
XI	30	720	47.22222222222222	34					1.52	71.77777777777777	51.68	0.47	22.194444444444443	15.979999999999999	0.97	45.80555555555555	32.98	0.97	45.80555555555555	32.98					1.75	82.63888888888889	59.5	0.4	18.88888888888889	13.600000000000001	0.86	40.61111111111111	29.24	0.86	40.61111111111111	29.24			77.20833333333333	55.59	20.541666666666664	14.79	43.20833333333333	31.11	43.20833333333333	31.11			1.62	76.5	55.080000000000005	0.37	17.47222222222222	12.58	0.65	30.694444444444446	22.1	0.65	30.694444444444446	22.1
XII	31	744	40.32258064516129	30					1.76	70.96774193548387	52.8	0.48	19.354838709677416	14.399999999999999	0.99	39.91935483870967	29.7	0.99	39.91935483870967	29.7					2.15	86.69354838709677	64.5	0.46	18.548387096774192	13.8	0.9	36.29032258064516	27	0.9	36.29032258064516	27			78.83064516129032	58.65	18.951612903225804	14.1	38.104838709677416	28.35	38.104838709677416	28.35			2.19	88.30645161290322	65.7	0.46	18.548387096774192	13.8	0.77	31.048387096774192	23.1	0.77	31.048387096774192	23.1
																																																												
month	days	hours		horizontal					South			North			East 			West							South			North			East 			West					South		North		East		West				South			North			East 			West		
			W/m2	kWh/m2					kvoc	W/m2	kWh/m2	kvoc	W/m2	kWh/m2	kvoc	W/m2	kWh/m2	kvoc	W/m2	kWh/m2					kvoc	W/m2	kWh/m2	kvoc	W/m2	kWh/m2	kvoc	W/m2	kWh/m2	kvoc	W/m2	kWh/m2			W/m2	kWh/m2	W/m2	kWh/m2	W/m2	kWh/m2	W/m2	kWh/m2			kvoc	W/m2	kWh/m2	kvoc	W/m2	kWh/m2	kvoc	W/m2	kWh/m2	kvoc	W/m2	kWh/m2
I	31	744	34.946236559139784	26					1.61	56.263440860215056	41.86	0.52	18.172043010752688	13.52	1	34.946236559139784	26	1	34.946236559139784	26					1.94	67.79569892473118	50.44	0.51	17.822580645161292	13.26	0.95	33.19892473118279	24.7	0.95	33.19892473118279	24.7			62.02956989247312	46.15	17.99731182795699	13.39	34.07258064516129	25.35	34.07258064516129	25.35			1.92	67.09677419354838	49.92	0.55	19.220430107526884	14.3	0.85	29.704301075268816	22.099999999999998	0.85	29.704301075268816	22.099999999999998
II	28	672	74.4047619047619	50					1.45	107.88690476190474	72.5	0.45	33.482142857142854	22.5	0.98	72.91666666666666	49	0.98	72.91666666666666	49					1.64	122.0238095238095	82	0.44	32.738095238095234	22	0.92	68.45238095238095	46	0.92	68.45238095238095	46			114.95535714285712	77.25	33.110119047619044	22.25	70.6845238095238	47.5	70.6845238095238	47.5			1.54	114.58333333333333	77	0.47	34.97023809523809	23.5	0.8	59.52380952380952	40	0.8	59.52380952380952	40
III	31	744	120.96774193548387	90					1.25	151.20967741935485	112.5	0.52	62.903225806451616	46.800000000000004	0.96	116.12903225806451	86.39999999999999	0.96	116.12903225806451	86.39999999999999					1.28	154.83870967741936	115.2	0.35	42.33870967741935	31.499999999999996	0.85	102.8225806451613	76.5	0.85	102.8225806451613	76.5			153.0241935483871	113.85	52.62096774193549	39.15	109.4758064516129	81.44999999999999	109.4758064516129	81.44999999999999			1.06	128.2258064516129	95.4	0.34	41.12903225806452	30.6	0.67	81.04838709677419	60.300000000000004	0.67	81.04838709677419	60.300000000000004
IV	30	720	186.11111111111111	134				Topolcany 2	1.09	202.86111111111114	146.06	0.68	126.55555555555557	91.12	0.94	174.94444444444443	125.96	0.94	174.94444444444443	125.96		Topolcany 2			0.99	184.25	132.66	0.34	63.277777777777786	45.56	0.81	150.75	108.54	0.81	150.75	108.54		Topolcany 2	193.55555555555557	139.36	94.91666666666669	68.34	162.84722222222223	117.25	162.84722222222223	117.25		Topolcany 	0.72	134	96.47999999999999	0.3	55.833333333333336	40.199999999999996	0.59	109.80555555555556	79.06	0.59	109.80555555555556	79.06
V	31	744	228.49462365591398	170					1.01	230.77956989247312	171.7	0.79	180.51075268817206	134.3	0.94	214.78494623655914	159.79999999999998	0.94	214.78494623655914	159.79999999999998					0.84	191.93548387096774	142.79999999999998	0.4	91.3978494623656	68	0.79	180.51075268817206	134.3	0.79	180.51075268817206	134.3			211.35752688172045	157.25	135.95430107526883	101.15	197.6478494623656	147.05	197.6478494623656	147.05		oblast 2	0.55	125.6720430107527	93.50000000000001	0.3	68.54838709677419	51	0.56	127.95698924731184	95.2	0.56	127.95698924731184	95.2
VI	30	720	247.22222222222223	178					0.97	239.80555555555554	172.66	0.82	202.72222222222223	145.95999999999998	0.93	229.91666666666669	165.54000000000002	0.93	229.91666666666669	165.54000000000002					0.78	192.83333333333334	138.84	0.45	111.25	80.10000000000001	0.78	192.83333333333334	138.84	0.78	192.83333333333334	138.84			216.31944444444446	155.75	156.98611111111111	113.03	211.375	152.19	211.375	152.19			0.5	123.61111111111111	89	0.32	79.11111111111111	56.96	0.55	135.97222222222223	97.9	0.55	135.97222222222223	97.9
VII	31	744	223.11827956989248	166					0.98	218.65591397849462	162.68	0.81	180.72580645161293	134.46	0.93	207.50000000000003	154.38	0.93	207.50000000000003	154.38					0.81	180.72580645161293	134.46	0.42	93.70967741935483	69.72	0.78	174.03225806451613	129.48000000000002	0.78	174.03225806451613	129.48000000000002			199.69086021505376	148.57	137.21774193548387	102.09	190.76612903225808	141.93	190.76612903225808	141.93			0.52	116.0215053763441	86.32000000000001	0.31	69.16666666666667	51.46	0.55	122.71505376344088	91.30000000000001	0.55	122.71505376344088	91.30000000000001
VIII	31	744	200.2688172043011	149					1.04	208.27956989247315	154.96	0.73	146.19623655913978	108.77	0.94	188.252688172043	140.06	0.94	188.252688172043	140.06					0.91	182.24462365591398	135.59	0.35	70.09408602150538	52.15	0.79	158.21236559139786	117.71000000000001	0.79	158.21236559139786	117.71000000000001			195.26209677419357	145.275	108.14516129032258	80.46	173.23252688172045	128.885	173.23252688172045	128.885			0.62	124.16666666666667	92.38	0.3	60.08064516129032	44.699999999999996	0.57	114.15322580645162	84.92999999999999	0.57	114.15322580645162	84.92999999999999
IX	30	720	147.22222222222223	106					1.17	172.25	124.02	0.59	86.86111111111111	62.54	0.95	139.86111111111111	100.69999999999999	0.95	139.86111111111111	100.69999999999999					1.11	163.41666666666669	117.66000000000001	0.31	45.63888888888889	32.86	0.81	119.25000000000001	85.86	0.81	119.25000000000001	85.86			167.83333333333334	120.84	66.25	47.7	129.55555555555557	93.28	129.55555555555557	93.28			0.85	125.13888888888889	90.1	0.28	41.22222222222223	29.680000000000003	0.6	88.33333333333333	63.599999999999994	0.6	88.33333333333333	63.599999999999994
X	31	744	83.33333333333333	62					1.33	110.83333333333333	82.46000000000001	0.45	37.5	27.900000000000002	0.96	79.99999999999999	59.519999999999996	0.96	79.99999999999999	59.519999999999996					1.4	116.66666666666666	86.8	0.34	28.333333333333332	21.080000000000002	0.84	70	52.08	0.84	70	52.08			113.75	84.63	32.916666666666664	24.490000000000002	75	55.8	75	55.8			1.19	99.16666666666666	73.78	0.3	24.999999999999996	18.599999999999998	0.63	52.5	39.06	0.63	52.5	39.06
XI	30	720	41.666666666666664	30					1.52	63.33333333333333	45.6	0.47	19.583333333333332	14.1	0.97	40.416666666666664	29.099999999999998	0.97	40.416666666666664	29.099999999999998					1.75	72.91666666666666	52.5	0.4	16.666666666666668	12	0.86	35.83333333333333	25.8	0.86	35.83333333333333	25.8			68.125	49.05	18.125	13.05	38.125	27.45	38.125	27.45			1.62	67.5	48.6	0.37	15.416666666666666	11.1	0.65	27.083333333333332	19.5	0.65	27.083333333333332	19.5
XII	31	744	28.225806451612904	21					1.76	49.67741935483871	36.96	0.48	13.548387096774194	10.08	0.99	27.943548387096776	20.79	0.99	27.943548387096776	20.79					2.15	60.685483870967744	45.15	0.46	12.983870967741936	9.66	0.9	25.403225806451616	18.900000000000002	0.9	25.403225806451616	18.900000000000002			55.18145161290323	41.055	13.266129032258064	9.870000000000001	26.673387096774196	19.845	26.673387096774196	19.845			2.19	61.814516129032256	45.99	0.46	12.983870967741936	9.66	0.77	21.733870967741936	16.17	0.77	21.733870967741936	16.17
																																																												
month	days	hours		horizontal					South			North			East 			West							South			North			East 			West					South		North		East		West				South			North			East 			West		
			W/m2	kWh/m2					kvoc	W/m2	kWh/m2	kvoc	W/m2	kWh/m2	kvoc	W/m2	kWh/m2	kvoc	W/m2	kWh/m2					kvoc	W/m2	kWh/m2	kvoc	W/m2	kWh/m2	kvoc	W/m2	kWh/m2	kvoc	W/m2	kWh/m2			W/m2	kWh/m2	W/m2	kWh/m2	W/m2	kWh/m2	W/m2	kWh/m2			kvoc	W/m2	kWh/m2	kvoc	W/m2	kWh/m2	kvoc	W/m2	kWh/m2	kvoc	W/m2	kWh/m2
I	31	744	34.946236559139784	26					1.62	56.612903225806456	42.120000000000005	0.5	17.473118279569892	13	1	34.946236559139784	26	1	34.946236559139784	26					1.96	68.49462365591397	50.96	0.49	17.123655913978492	12.74	0.95	33.19892473118279	24.7	0.95	33.19892473118279	24.7			62.55376344086021	46.540000000000006	17.298387096774192	12.870000000000001	34.07258064516129	25.35	34.07258064516129	25.35			1.94	67.79569892473118	50.44	0.53	18.521505376344088	13.780000000000001	0.85	29.704301075268816	22.099999999999998	0.85	29.704301075268816	22.099999999999998
II	28	672	72.91666666666667	49					1.46	106.45833333333334	71.53999999999999	0.43	31.354166666666668	21.07	0.99	72.1875	48.51	0.99	72.1875	48.51					1.65	120.3125	80.85	0.41	29.895833333333332	20.09	0.91	66.35416666666667	44.59	0.91	66.35416666666667	44.59			113.38541666666667	76.195	30.625	20.58	69.27083333333334	46.55	69.27083333333334	46.55			1.53	111.56250000000001	74.97	0.44	32.083333333333336	21.56	0.78	56.87500000000001	38.22	0.78	56.87500000000001	38.22
III	31	744	118.27956989247312	88					1.26	149.03225806451613	110.88	0.51	60.322580645161295	44.88	0.96	113.54838709677419	84.47999999999999	0.96	113.54838709677419	84.47999999999999					1.28	151.3978494623656	112.64	0.33	39.03225806451613	29.040000000000003	0.84	99.35483870967742	73.92	0.84	99.35483870967742	73.92			150.21505376344086	111.75999999999999	49.67741935483871	36.96	106.45161290322581	79.19999999999999	106.45161290322581	79.19999999999999			1.05	124.19354838709678	92.4	0.32	37.8494623655914	28.16	0.67	79.24731182795699	58.96	0.67	79.24731182795699	58.96
IV	30	720	188.88888888888889	136					1.1	207.7777777777778	149.60000000000002	0.68	128.44444444444446	92.48	0.94	177.55555555555554	127.83999999999999	0.94	177.55555555555554	127.83999999999999					0.99	187	134.64	0.33	62.333333333333336	44.88	0.8	151.11111111111111	108.80000000000001	0.8	151.11111111111111	108.80000000000001			197.3888888888889	142.12	95.3888888888889	68.68	164.33333333333331	118.32	164.33333333333331	118.32			0.71	134.11111111111111	96.56	0.28	52.88888888888889	38.080000000000005	0.59	111.44444444444444	80.24	0.59	111.44444444444444	80.24
V	31	744	224.46236559139786	167				Piestany 1	1.01	226.70698924731184	168.67	0.79	177.32526881720432	131.93	0.94	210.99462365591398	156.98	0.94	210.99462365591398	156.98		Piestany 1			0.84	188.54838709677418	140.28	0.39	87.54032258064517	65.13	0.79	177.32526881720432	131.93	0.79	177.32526881720432	131.93		Piestany 1	207.627688172043	154.475	132.43279569892474	98.53	194.15994623655916	144.45499999999998	194.15994623655916	144.45499999999998		Piestany 	0.55	123.45430107526883	91.85000000000001	0.3	67.33870967741936	50.1	0.57	127.94354838709677	95.19	0.57	127.94354838709677	95.19
VI	30	720	251.38888888888889	181					0.97	243.8472222222222	175.57	0.82	206.13888888888889	148.42	0.93	233.79166666666669	168.33	0.93	233.79166666666669	168.33					0.78	196.08333333333334	141.18	0.45	113.125	81.45	0.78	196.08333333333334	141.18	0.78	196.08333333333334	141.18			219.96527777777777	158.375	159.63194444444446	114.935	214.9375	154.755	214.9375	154.755		oblast 1	0.49	123.18055555555556	88.69	0.31	77.93055555555556	56.11	0.55	138.26388888888889	99.55000000000001	0.55	138.26388888888889	99.55000000000001
VII	31	744	233.8709677419355	174					0.98	229.19354838709677	170.52	0.81	189.43548387096774	140.94	0.93	217.50000000000003	161.82000000000002	0.93	217.50000000000003	161.82000000000002					0.81	189.43548387096774	140.94	0.42	98.2258064516129	73.08	0.78	182.4193548387097	135.72	0.78	182.4193548387097	135.72			209.31451612903226	155.73000000000002	143.8306451612903	107.00999999999999	199.95967741935488	148.77	199.95967741935488	148.77			0.51	119.2741935483871	88.74	0.3	70.16129032258064	52.199999999999996	0.55	128.62903225806454	95.7	0.55	128.62903225806454	95.7
VIII	31	744	202.95698924731184	151					1.05	213.10483870967744	158.55	0.73	148.15860215053763	110.23	0.93	188.75000000000003	140.43	0.93	188.75000000000003	140.43					0.91	184.6908602150538	137.41	0.34	69.00537634408603	51.34	0.79	160.33602150537635	119.29	0.79	160.33602150537635	119.29			198.89784946236563	147.98000000000002	108.58198924731184	80.785	174.5430107526882	129.86	174.5430107526882	129.86			0.62	125.83333333333334	93.62	0.29	58.85752688172043	43.79	0.58	117.71505376344086	87.58	0.58	117.71505376344086	87.58
IX	30	720	154.16666666666666	111					1.18	181.91666666666666	130.98	0.58	89.41666666666666	64.38	0.95	146.45833333333331	105.44999999999999	0.95	146.45833333333331	105.44999999999999					1.12	172.66666666666669	124.32000000000001	0.3	46.24999999999999	33.3	0.81	124.875	89.91000000000001	0.81	124.875	89.91000000000001			177.29166666666669	127.65	67.83333333333333	48.839999999999996	135.66666666666666	97.68	135.66666666666666	97.68			0.85	131.04166666666666	94.35	0.27	41.625	29.970000000000002	0.6	92.49999999999999	66.6	0.6	92.49999999999999	66.6
X	31	744	86.02150537634408	64					1.35	116.12903225806451	86.4	0.43	36.98924731182795	27.52	0.96	82.58064516129032	61.44	0.96	82.58064516129032	61.44					1.43	123.01075268817203	91.52	0.33	28.387096774193548	21.12	0.84	72.25806451612902	53.76	0.84	72.25806451612902	53.76			119.56989247311827	88.96000000000001	32.68817204301075	24.32	77.41935483870967	57.599999999999994	77.41935483870967	57.599999999999994			1.22	104.94623655913978	78.08	0.29	24.94623655913978	18.56	0.64	55.053763440860216	40.96	0.64	55.053763440860216	40.96
XI	30	720	41.666666666666664	30					1.53	63.75	45.9	0.45	18.75	13.5	0.98	40.83333333333333	29.4	0.98	40.83333333333333	29.4					1.76	73.33333333333333	52.8	0.39	16.25	11.700000000000001	0.85	35.416666666666664	25.5	0.85	35.416666666666664	25.5			68.54166666666666	49.349999999999994	17.5	12.600000000000001	38.125	27.45	38.125	27.45			1.62	67.5	48.6	0.35	14.583333333333332	10.5	0.64	26.666666666666664	19.2	0.64	26.666666666666664	19.2
XII	31	744	26.881720430107528	20					1.81	48.655913978494624	36.2	0.45	12.096774193548388	9	1	26.881720430107528	20	1	26.881720430107528	20					2.23	59.946236559139784	44.6	0.42	11.290322580645162	8.4	0.9	24.193548387096776	18	0.9	24.193548387096776	18			54.3010752688172	40.400000000000006	11.693548387096776	8.7	25.537634408602152	19	25.537634408602152	19			2.19	58.87096774193549	43.8	0.43	11.559139784946236	8.6	0.75	20.161290322580648	15	0.75	20.161290322580648	15
																																																												
month	days	hours		horizontal					South			North			East 			West							South			North			East 			West					South		North		East		West				South			North			East 			West		
			W/m2	kWh/m2					kvoc	W/m2	kWh/m2	kvoc	W/m2	kWh/m2	kvoc	W/m2	kWh/m2	kvoc	W/m2	kWh/m2					kvoc	W/m2	kWh/m2	kvoc	W/m2	kWh/m2	kvoc	W/m2	kWh/m2	kvoc	W/m2	kWh/m2			W/m2	kWh/m2	W/m2	kWh/m2	W/m2	kWh/m2	W/m2	kWh/m2			kvoc	W/m2	kWh/m2	kvoc	W/m2	kWh/m2	kvoc	W/m2	kWh/m2	kvoc	W/m2	kWh/m2
I	31	744	32.25806451612903	24					1.61	51.935483870967744	38.64	0.52	16.774193548387096	12.48	1	32.25806451612903	24	1	32.25806451612903	24					1.94	62.58064516129032	46.56	0.51	16.451612903225808	12.24	0.95	30.64516129032258	22.799999999999997	0.95	30.64516129032258	22.799999999999997			57.25806451612903	42.6	16.612903225806452	12.36	31.451612903225808	23.4	31.451612903225808	23.4			1.92	61.93548387096774	46.08	0.55	17.741935483870968	13.200000000000001	0.85	27.419354838709676	20.4	0.85	27.419354838709676	20.4
II	28	672	71.42857142857143	48					1.45	103.57142857142857	69.6	0.45	32.142857142857146	21.6	0.98	70	47.04	0.98	70	47.04					1.64	117.14285714285714	78.72	0.44	31.42857142857143	21.12	0.92	65.71428571428572	44.160000000000004	0.92	65.71428571428572	44.160000000000004			110.35714285714286	74.16	31.78571428571429	21.36	67.85714285714286	45.6	67.85714285714286	45.6			1.54	110	73.92	0.47	33.57142857142857	22.56	0.8	57.142857142857146	38.400000000000006	0.8	57.142857142857146	38.400000000000006
III	31	744	112.90322580645162	84					1.25	141.1290322580645	105	0.52	58.70967741935484	43.68	0.96	108.38709677419355	80.64	0.96	108.38709677419355	80.64					1.28	144.51612903225808	107.52	0.35	39.516129032258064	29.4	0.85	95.96774193548387	71.39999999999999	0.85	95.96774193548387	71.39999999999999			142.82258064516128	106.25999999999999	49.11290322580645	36.54	102.17741935483872	76.02	102.17741935483872	76.02			1.06	119.67741935483872	89.04	0.34	38.38709677419355	28.560000000000002	0.67	75.64516129032259	56.28	0.67	75.64516129032259	56.28
IV	30	720	172.22222222222223	124					1.09	187.72222222222226	135.16	0.68	117.11111111111113	84.32000000000001	0.94	161.88888888888889	116.55999999999999	0.94	161.88888888888889	116.55999999999999					0.99	170.5	122.76	0.34	58.555555555555564	42.160000000000004	0.81	139.50000000000003	100.44000000000001	0.81	139.50000000000003	100.44000000000001			179.11111111111114	128.96	87.83333333333334	63.24000000000001	150.69444444444446	108.5	150.69444444444446	108.5			0.72	124	89.28	0.3	51.666666666666664	37.199999999999996	0.59	101.61111111111111	73.16	0.59	101.61111111111111	73.16
V	31	744	205.6451612903226	153				Zilina 2	1.01	207.70161290322582	154.53	0.79	162.45967741935485	120.87	0.94	193.30645161290323	143.82	0.94	193.30645161290323	143.82		Zilina 2			0.84	172.74193548387098	128.51999999999998	0.4	82.25806451612904	61.2	0.79	162.45967741935485	120.87	0.79	162.45967741935485	120.87		Zilina 2	190.2217741935484	141.52499999999998	122.35887096774195	91.035	177.88306451612902	132.345	177.88306451612902	132.345		Zilina 	0.55	113.10483870967744	84.15	0.3	61.693548387096776	45.9	0.56	115.16129032258065	85.68	0.56	115.16129032258065	85.68
VI	30	720	225	162					0.97	218.25	157.14	0.82	184.5	132.84	0.93	209.25	150.66	0.93	209.25	150.66					0.78	175.5	126.36	0.45	101.25	72.9	0.78	175.5	126.36	0.78	175.5	126.36			196.875	141.75	142.875	102.87	192.375	138.51	192.375	138.51		oblast 2	0.5	112.5	81	0.32	72	51.84	0.55	123.75000000000001	89.10000000000001	0.55	123.75000000000001	89.10000000000001
VII	31	744	209.67741935483872	156					0.98	205.48387096774195	152.88	0.81	169.83870967741936	126.36000000000001	0.93	195.00000000000003	145.08	0.93	195.00000000000003	145.08					0.81	169.83870967741936	126.36000000000001	0.42	88.06451612903226	65.52	0.78	163.5483870967742	121.68	0.78	163.5483870967742	121.68			187.66129032258067	139.62	128.9516129032258	95.94	179.27419354838713	133.38	179.27419354838713	133.38			0.52	109.03225806451614	81.12	0.31	65	48.36	0.55	115.32258064516131	85.80000000000001	0.55	115.32258064516131	85.80000000000001
VIII	31	744	180.10752688172042	134					1.04	187.31182795698925	139.36	0.73	131.4784946236559	97.82	0.94	169.3010752688172	125.96	0.94	169.3010752688172	125.96					0.91	163.8978494623656	121.94	0.35	63.037634408602145	46.9	0.79	142.28494623655914	105.86	0.79	142.28494623655914	105.86			175.60483870967744	130.65	97.25806451612902	72.36	155.79301075268816	115.91	155.79301075268816	115.91			0.62	111.66666666666666	83.08	0.3	54.03225806451612	40.199999999999996	0.57	102.66129032258063	76.38	0.57	102.66129032258063	76.38
IX	30	720	138.88888888888889	100					1.17	162.5	117	0.59	81.94444444444444	59	0.95	131.94444444444443	95	0.95	131.94444444444443	95					1.11	154.16666666666669	111.00000000000001	0.31	43.05555555555556	31	0.81	112.5	81	0.81	112.5	81			158.33333333333334	114	62.5	45	122.22222222222221	88	122.22222222222221	88			0.85	118.05555555555554	85	0.28	38.88888888888889	28.000000000000004	0.6	83.33333333333333	60	0.6	83.33333333333333	60
X	31	744	79.3010752688172	59					1.33	105.47043010752688	78.47	0.45	35.685483870967744	26.55	0.96	76.12903225806451	56.64	0.96	76.12903225806451	56.64					1.4	111.02150537634408	82.6	0.34	26.96236559139785	20.060000000000002	0.84	66.61290322580645	49.559999999999995	0.84	66.61290322580645	49.559999999999995			108.24596774193549	80.535	31.3239247311828	23.305	71.37096774193549	53.099999999999994	71.37096774193549	53.099999999999994			1.19	94.36827956989247	70.21	0.3	23.79032258064516	17.7	0.63	49.95967741935484	37.17	0.63	49.95967741935484	37.17
XI	30	720	40.27777777777778	29					1.52	61.22222222222222	44.08	0.47	18.930555555555554	13.629999999999999	0.97	39.06944444444444	28.13	0.97	39.06944444444444	28.13					1.75	70.48611111111111	50.75	0.4	16.11111111111111	11.600000000000001	0.86	34.638888888888886	24.94	0.86	34.638888888888886	24.94			65.85416666666667	47.415	17.520833333333332	12.615	36.854166666666664	26.535	36.854166666666664	26.535			1.62	65.25	46.980000000000004	0.37	14.902777777777779	10.73	0.65	26.180555555555557	18.85	0.65	26.180555555555557	18.85
XII	31	744	22.849462365591396	17					1.76	40.21505376344086	29.92	0.48	10.96774193548387	8.16	0.99	22.62096774193548	16.83	0.99	22.62096774193548	16.83					2.15	49.1263440860215	36.55	0.46	10.510752688172042	7.82	0.9	20.564516129032256	15.3	0.9	20.564516129032256	15.3			44.67069892473118	33.235	10.739247311827956	7.99	21.59274193548387	16.064999999999998	21.59274193548387	16.064999999999998			2.19	50.04032258064515	37.23	0.46	10.510752688172042	7.82	0.77	17.594086021505376	13.09	0.77	17.594086021505376	13.09
																																																												
																																																												
month	days	hours		horizontal					South			North			East 			West							South			North			East 			West					South		North		East		West				South			North			East 			West		
			W/m2	kWh/m2					kvoc	W/m2	kWh/m2	kvoc	W/m2	kWh/m2	kvoc	W/m2	kWh/m2	kvoc	W/m2	kWh/m2					kvoc	W/m2	kWh/m2	kvoc	W/m2	kWh/m2	kvoc	W/m2	kWh/m2	kvoc	W/m2	kWh/m2			W/m2	kWh/m2	W/m2	kWh/m2	W/m2	kWh/m2	W/m2	kWh/m2			kvoc	W/m2	kWh/m2	kvoc	W/m2	kWh/m2	kvoc	W/m2	kWh/m2	kvoc	W/m2	kWh/m2
I	31	744	37.634408602150536	28					1.61	60.59139784946237	45.080000000000005	0.52	19.56989247311828	14.56	1	37.634408602150536	28	1	37.634408602150536	28					1.94	73.01075268817203	54.32	0.51	19.193548387096772	14.280000000000001	0.95	35.75268817204301	26.599999999999998	0.95	35.75268817204301	26.599999999999998			66.8010752688172	49.7	19.381720430107528	14.420000000000002	36.69354838709677	27.299999999999997	36.69354838709677	27.299999999999997			1.92	72.25806451612902	53.76	0.55	20.698924731182796	15.400000000000002	0.85	31.989247311827956	23.8	0.85	31.989247311827956	23.8
II	28	672	75.89285714285714	51					1.45	110.04464285714285	73.95	0.45	34.151785714285715	22.95	0.98	74.375	49.98	0.98	74.375	49.98					1.64	124.4642857142857	83.64	0.44	33.39285714285714	22.44	0.92	69.82142857142857	46.92	0.92	69.82142857142857	46.92			117.25446428571428	78.795	33.77232142857143	22.695	72.09821428571428	48.45	72.09821428571428	48.45			1.54	116.875	78.54	0.47	35.669642857142854	23.97	0.8	60.714285714285715	40.800000000000004	0.8	60.714285714285715	40.800000000000004
III	31	744	115.59139784946237	86					1.25	144.48924731182797	107.5	0.52	60.10752688172043	44.72	0.96	110.96774193548387	82.56	0.96	110.96774193548387	82.56					1.28	147.95698924731184	110.08	0.35	40.456989247311824	30.099999999999998	0.85	98.25268817204301	73.1	0.85	98.25268817204301	73.1			146.22311827956992	108.78999999999999	50.28225806451613	37.41	104.61021505376344	77.83	104.61021505376344	77.83			1.06	122.52688172043011	91.16000000000001	0.34	39.30107526881721	29.240000000000002	0.67	77.44623655913979	57.620000000000005	0.67	77.44623655913979	57.620000000000005
IV	30	720	176.38888888888889	127					1.09	192.26388888888889	138.43	0.68	119.94444444444446	86.36	0.94	165.80555555555554	119.38	0.94	165.80555555555554	119.38					0.99	174.625	125.73	0.34	59.97222222222223	43.18	0.81	142.875	102.87	0.81	142.875	102.87			183.44444444444446	132.08	89.95833333333334	64.77	154.34027777777777	111.125	154.34027777777777	111.125			0.72	127	91.44	0.3	52.916666666666664	38.1	0.59	104.06944444444444	74.92999999999999	0.59	104.06944444444444	74.92999999999999
V	31	744	201.61290322580646	150					1.01	203.62903225806454	151.5	0.79	159.2741935483871	118.5	0.94	189.51612903225808	141	0.94	189.51612903225808	141					0.84	169.3548387096774	126	0.4	80.64516129032259	60	0.79	159.2741935483871	118.5	0.79	159.2741935483871	118.5			186.49193548387098	138.75	119.95967741935485	89.25	174.3951612903226	129.75	174.3951612903226	129.75			0.55	110.88709677419357	82.5	0.3	60.483870967741936	45	0.56	112.90322580645163	84.00000000000001	0.56	112.90322580645163	84.00000000000001
VI	30	720	218.05555555555554	157				Dolny Kubin	0.97	211.51388888888886	152.29	0.82	178.80555555555554	128.73999999999998	0.93	202.79166666666666	146.01000000000002	0.93	202.79166666666666	146.01000000000002		Dolny Kubin			0.78	170.08333333333334	122.46000000000001	0.45	98.125	70.65	0.78	170.08333333333334	122.46000000000001	0.78	170.08333333333334	122.46000000000001		Dolny Kubin	190.7986111111111	137.375	138.46527777777777	99.695	186.4375	134.235	186.4375	134.235		Dolny Kubin	0.5	109.02777777777777	78.5	0.32	69.77777777777777	50.24	0.55	119.93055555555556	86.35000000000001	0.55	119.93055555555556	86.35000000000001
VII	31	744	202.95698924731184	151				2	0.98	198.8978494623656	147.98	0.81	164.3951612903226	122.31	0.93	188.75000000000003	140.43	0.93	188.75000000000003	140.43		2			0.81	164.3951612903226	122.31	0.42	85.24193548387098	63.419999999999995	0.78	158.30645161290323	117.78	0.78	158.30645161290323	117.78		2	181.6465053763441	135.14499999999998	124.81854838709678	92.865	173.52822580645164	129.10500000000002	173.52822580645164	129.10500000000002		oblast 2	0.52	105.53763440860216	78.52	0.31	62.91666666666667	46.81	0.55	111.62634408602152	83.05000000000001	0.55	111.62634408602152	83.05000000000001
VIII	31	744	162.63440860215053	121					1.04	169.13978494623655	125.84	0.73	118.72311827956989	88.33	0.94	152.87634408602148	113.74	0.94	152.87634408602148	113.74					0.91	147.997311827957	110.11	0.35	56.92204301075268	42.349999999999994	0.79	128.4811827956989	95.59	0.79	128.4811827956989	95.59			158.56854838709677	117.975	87.82258064516128	65.34	140.6787634408602	104.66499999999999	140.6787634408602	104.66499999999999			0.62	100.83333333333333	75.02	0.3	48.79032258064516	36.3	0.57	92.7016129032258	68.97	0.57	92.7016129032258	68.97
IX	30	720	134.72222222222223	97					1.17	157.625	113.49	0.59	79.48611111111111	57.23	0.95	127.98611111111111	92.14999999999999	0.95	127.98611111111111	92.14999999999999					1.11	149.54166666666669	107.67000000000002	0.31	41.76388888888889	30.07	0.81	109.12500000000001	78.57000000000001	0.81	109.12500000000001	78.57000000000001			153.58333333333334	110.58000000000001	60.625	43.65	118.55555555555557	85.36	118.55555555555557	85.36			0.85	114.51388888888889	82.45	0.28	37.72222222222223	27.160000000000004	0.6	80.83333333333333	58.199999999999996	0.6	80.83333333333333	58.199999999999996
X	31	744	77.95698924731182	58					1.33	103.68279569892474	77.14	0.45	35.08064516129032	26.1	0.96	74.83870967741935	55.68	0.96	74.83870967741935	55.68					1.4	109.13978494623655	81.19999999999999	0.34	26.505376344086024	19.720000000000002	0.84	65.48387096774194	48.72	0.84	65.48387096774194	48.72			106.41129032258064	79.16999999999999	30.793010752688172	22.910000000000004	70.16129032258064	52.2	70.16129032258064	52.2			1.19	92.76881720430107	69.02	0.3	23.387096774193548	17.4	0.63	49.11290322580645	36.54	0.63	49.11290322580645	36.54
XI	30	720	41.666666666666664	30					1.52	63.33333333333333	45.6	0.47	19.583333333333332	14.1	0.97	40.416666666666664	29.099999999999998	0.97	40.416666666666664	29.099999999999998					1.75	72.91666666666666	52.5	0.4	16.666666666666668	12	0.86	35.83333333333333	25.8	0.86	35.83333333333333	25.8			68.125	49.05	18.125	13.05	38.125	27.45	38.125	27.45			1.62	67.5	48.6	0.37	15.416666666666666	11.1	0.65	27.083333333333332	19.5	0.65	27.083333333333332	19.5
XII	31	744	28.225806451612904	21					1.76	49.67741935483871	36.96	0.48	13.548387096774194	10.08	0.99	27.943548387096776	20.79	0.99	27.943548387096776	20.79					2.15	60.685483870967744	45.15	0.46	12.983870967741936	9.66	0.9	25.403225806451616	18.900000000000002	0.9	25.403225806451616	18.900000000000002			55.18145161290323	41.055	13.266129032258064	9.870000000000001	26.673387096774196	19.845	26.673387096774196	19.845			2.19	61.814516129032256	45.99	0.46	12.983870967741936	9.66	0.77	21.733870967741936	16.17	0.77	21.733870967741936	16.17
																																																												
																																																												
																																																												
month	days	hours		horizontal					South			North			East 			West							South			North			East 			West					South		North		East		West				South			North			East 			West		
			W/m2	kWh/m2					kvoc	W/m2	kWh/m2	kvoc	W/m2	kWh/m2	kvoc	W/m2	kWh/m2	kvoc	W/m2	kWh/m2					kvoc	W/m2	kWh/m2	kvoc	W/m2	kWh/m2	kvoc	W/m2	kWh/m2	kvoc	W/m2	kWh/m2			W/m2	kWh/m2	W/m2	kWh/m2	W/m2	kWh/m2	W/m2	kWh/m2			kvoc	W/m2	kWh/m2	kvoc	W/m2	kWh/m2	kvoc	W/m2	kWh/m2	kvoc	W/m2	kWh/m2
I	31	744	40.32258064516129	30					1.61	64.91935483870968	48.300000000000004	0.52	20.967741935483872	15.600000000000001	1	40.32258064516129	30	1	40.32258064516129	30					1.94	78.2258064516129	58.199999999999996	0.51	20.564516129032256	15.3	0.95	38.306451612903224	28.5	0.95	38.306451612903224	28.5			71.57258064516128	53.25	20.766129032258064	15.450000000000001	39.314516129032256	29.25	39.314516129032256	29.25			1.92	77.41935483870967	57.599999999999994	0.55	22.17741935483871	16.5	0.85	34.274193548387096	25.5	0.85	34.274193548387096	25.5
II	28	672	81.8452380952381	55					1.45	118.67559523809524	79.75	0.45	36.830357142857146	24.75	0.98	80.20833333333334	53.9	0.98	80.20833333333334	53.9					1.64	134.22619047619048	90.19999999999999	0.44	36.011904761904766	24.2	0.92	75.29761904761905	50.6	0.92	75.29761904761905	50.6			126.45089285714286	84.975	36.421130952380956	24.475	77.7529761904762	52.25	77.7529761904762	52.25			1.54	126.04166666666669	84.7	0.47	38.467261904761905	25.849999999999998	0.8	65.47619047619048	44	0.8	65.47619047619048	44
III	31	744	123.65591397849462	92					1.25	154.56989247311827	115	0.52	64.3010752688172	47.84	0.96	118.70967741935483	88.32	0.96	118.70967741935483	88.32					1.28	158.27956989247312	117.76	0.35	43.27956989247311	32.199999999999996	0.85	105.10752688172043	78.2	0.85	105.10752688172043	78.2			156.4247311827957	116.38	53.79032258064515	40.019999999999996	111.90860215053763	83.25999999999999	111.90860215053763	83.25999999999999			1.06	131.07526881720432	97.52000000000001	0.34	42.043010752688176	31.28	0.67	82.8494623655914	61.64	0.67	82.8494623655914	61.64
IV	30	720	191.66666666666666	138					1.09	208.91666666666669	150.42000000000002	0.68	130.33333333333334	93.84	0.94	180.16666666666666	129.72	0.94	180.16666666666666	129.72					0.99	189.75	136.62	0.34	65.16666666666667	46.92	0.81	155.25	111.78	0.81	155.25	111.78			199.33333333333334	143.52	97.75	70.38	167.70833333333331	120.75	167.70833333333331	120.75			0.72	138	99.36	0.3	57.49999999999999	41.4	0.59	113.08333333333333	81.42	0.59	113.08333333333333	81.42
V	31	744	219.08602150537635	163					1.01	221.2768817204301	164.63	0.79	173.07795698924733	128.77	0.94	205.94086021505376	153.22	0.94	205.94086021505376	153.22					0.84	184.03225806451613	136.92	0.4	87.63440860215054	65.2	0.79	173.07795698924733	128.77	0.79	173.07795698924733	128.77			202.65456989247312	150.77499999999998	130.35618279569894	96.98500000000001	189.50940860215053	140.995	189.50940860215053	140.995			0.55	120.497311827957	89.65	0.3	65.7258064516129	48.9	0.56	122.68817204301077	91.28000000000002	0.56	122.68817204301077	91.28000000000002
VI	30	720	238.88888888888889	172					0.97	231.7222222222222	166.84	0.82	195.88888888888889	141.04	0.93	222.16666666666669	159.96	0.93	222.16666666666669	159.96					0.78	186.33333333333334	134.16	0.45	107.5	77.4	0.78	186.33333333333334	134.16	0.78	186.33333333333334	134.16			209.02777777777777	150.5	151.69444444444446	109.22	204.25	147.06	204.25	147.06			0.5	119.44444444444444	86	0.32	76.44444444444444	55.04	0.55	131.38888888888889	94.60000000000001	0.55	131.38888888888889	94.60000000000001
VII	31	744	227.1505376344086	169				Banska Bystrica	0.98	222.60752688172042	165.62	0.81	183.99193548387098	136.89000000000001	0.93	211.25000000000003	157.17000000000002	0.93	211.25000000000003	157.17000000000002		Banska Bystrica			0.81	183.99193548387098	136.89000000000001	0.42	95.40322580645162	70.98	0.78	177.17741935483872	131.82	0.78	177.17741935483872	131.82		Banska Bystrica	203.2997311827957	151.255	139.69758064516128	103.935	194.2137096774194	144.495	194.2137096774194	144.495		Banska Bystrica	0.52	118.11827956989248	87.88000000000001	0.31	70.41666666666667	52.39	0.55	124.93279569892475	92.95	0.55	124.93279569892475	92.95
VIII	31	744	200.2688172043011	149				2	1.04	208.27956989247315	154.96	0.73	146.19623655913978	108.77	0.94	188.252688172043	140.06	0.94	188.252688172043	140.06		2			0.91	182.24462365591398	135.59	0.35	70.09408602150538	52.15	0.79	158.21236559139786	117.71000000000001	0.79	158.21236559139786	117.71000000000001		2	195.26209677419357	145.275	108.14516129032258	80.46	173.23252688172045	128.885	173.23252688172045	128.885		oblast 2	0.62	124.16666666666667	92.38	0.3	60.08064516129032	44.699999999999996	0.57	114.15322580645162	84.92999999999999	0.57	114.15322580645162	84.92999999999999
IX	30	720	156.94444444444446	113					1.17	183.625	132.20999999999998	0.59	92.59722222222223	66.67	0.95	149.09722222222223	107.35	0.95	149.09722222222223	107.35					1.11	174.20833333333337	125.43	0.31	48.65277777777778	35.03	0.81	127.12500000000001	91.53	0.81	127.12500000000001	91.53			178.91666666666669	128.82	70.625	50.85	138.11111111111111	99.44	138.11111111111111	99.44			0.85	133.40277777777777	96.05	0.28	43.94444444444445	31.640000000000004	0.6	94.16666666666667	67.8	0.6	94.16666666666667	67.8
X	31	744	88.70967741935483	66					1.33	117.98387096774194	87.78	0.45	39.91935483870967	29.7	0.96	85.16129032258064	63.36	0.96	85.16129032258064	63.36					1.4	124.19354838709675	92.39999999999999	0.34	30.161290322580644	22.44	0.84	74.51612903225805	55.44	0.84	74.51612903225805	55.44			121.08870967741935	90.09	35.04032258064516	26.07	79.83870967741935	59.4	79.83870967741935	59.4			1.19	105.56451612903224	78.53999999999999	0.3	26.61290322580645	19.8	0.63	55.887096774193544	41.58	0.63	55.887096774193544	41.58
XI	30	720	45.833333333333336	33					1.52	69.66666666666667	50.160000000000004	0.47	21.541666666666668	15.51	0.97	44.458333333333336	32.01	0.97	44.458333333333336	32.01					1.75	80.20833333333334	57.75	0.4	18.333333333333336	13.200000000000001	0.86	39.41666666666667	28.38	0.86	39.41666666666667	28.38			74.9375	53.955	19.9375	14.355	41.9375	30.195	41.9375	30.195			1.62	74.25000000000001	53.46	0.37	16.958333333333336	12.209999999999999	0.65	29.791666666666668	21.45	0.65	29.791666666666668	21.45
XII	31	744	30.913978494623656	23					1.76	54.40860215053763	40.48	0.48	14.838709677419354	11.04	0.99	30.60483870967742	22.77	0.99	30.60483870967742	22.77					2.15	66.46505376344086	49.449999999999996	0.46	14.220430107526882	10.58	0.9	27.822580645161292	20.7	0.9	27.822580645161292	20.7			60.43682795698925	44.964999999999996	14.529569892473118	10.809999999999999	29.213709677419356	21.735	29.213709677419356	21.735			2.19	67.70161290322581	50.37	0.46	14.220430107526882	10.58	0.77	23.803763440860216	17.71	0.77	23.803763440860216	17.71
																																																												
																																																												
month	days	hours		horizontal					South			North			East 			West							South			North			East 			West					South		North		East		West				South			North			East 			West		
			W/m2	kWh/m2					kvoc	W/m2	kWh/m2	kvoc	W/m2	kWh/m2	kvoc	W/m2	kWh/m2	kvoc	W/m2	kWh/m2					kvoc	W/m2	kWh/m2	kvoc	W/m2	kWh/m2	kvoc	W/m2	kWh/m2	kvoc	W/m2	kWh/m2			W/m2	kWh/m2	W/m2	kWh/m2	W/m2	kWh/m2	W/m2	kWh/m2			kvoc	W/m2	kWh/m2	kvoc	W/m2	kWh/m2	kvoc	W/m2	kWh/m2	kvoc	W/m2	kWh/m2
I	31	744	33.60215053763441	25					1.61	54.0994623655914	40.25	0.52	17.473118279569892	13	1	33.60215053763441	25	1	33.60215053763441	25					1.94	65.18817204301075	48.5	0.51	17.137096774193548	12.75	0.95	31.922043010752684	23.75	0.95	31.922043010752684	23.75			59.64381720430107	44.375	17.30510752688172	12.875	32.762096774193544	24.375	32.762096774193544	24.375			1.92	64.51612903225806	48	0.55	18.481182795698928	13.750000000000002	0.85	28.561827956989244	21.25	0.85	28.561827956989244	21.25
II	28	672	68.45238095238095	46					1.45	99.25595238095238	66.7	0.45	30.803571428571427	20.7	0.98	67.08333333333333	45.08	0.98	67.08333333333333	45.08					1.64	112.26190476190474	75.44	0.44	30.119047619047617	20.24	0.92	62.976190476190474	42.32	0.92	62.976190476190474	42.32			105.75892857142856	71.07	30.461309523809522	20.47	65.0297619047619	43.7	65.0297619047619	43.7			1.54	105.41666666666666	70.84	0.47	32.172619047619044	21.619999999999997	0.8	54.76190476190476	36.800000000000004	0.8	54.76190476190476	36.800000000000004
III	31	744	115.59139784946237	86					1.25	144.48924731182797	107.5	0.52	60.10752688172043	44.72	0.96	110.96774193548387	82.56	0.96	110.96774193548387	82.56					1.28	147.95698924731184	110.08	0.35	40.456989247311824	30.099999999999998	0.85	98.25268817204301	73.1	0.85	98.25268817204301	73.1			146.22311827956992	108.78999999999999	50.28225806451613	37.41	104.61021505376344	77.83	104.61021505376344	77.83			1.06	122.52688172043011	91.16000000000001	0.34	39.30107526881721	29.240000000000002	0.67	77.44623655913979	57.620000000000005	0.67	77.44623655913979	57.620000000000005
IV	30	720	180.55555555555554	130					1.09	196.80555555555554	141.70000000000002	0.68	122.77777777777777	88.4	0.94	169.7222222222222	122.19999999999999	0.94	169.7222222222222	122.19999999999999					0.99	178.75	128.7	0.34	61.388888888888886	44.2	0.81	146.25	105.30000000000001	0.81	146.25	105.30000000000001			187.77777777777777	135.2	92.08333333333333	66.30000000000001	157.9861111111111	113.75	157.9861111111111	113.75			0.72	130	93.6	0.3	54.166666666666664	39	0.59	106.52777777777777	76.7	0.59	106.52777777777777	76.7
V	31	744	212.36559139784947	158				Trebisov	1.01	214.48924731182797	159.58	0.79	167.7688172043011	124.82000000000001	0.94	199.6236559139785	148.51999999999998	0.94	199.6236559139785	148.51999999999998		Trebisov			0.84	178.38709677419354	132.72	0.4	84.94623655913979	63.2	0.79	167.7688172043011	124.82000000000001	0.79	167.7688172043011	124.82000000000001		Trebisov	196.43817204301075	146.15	126.35752688172045	94.01	183.69623655913978	136.67	183.69623655913978	136.67		Trebisov	0.55	116.80107526881721	86.9	0.3	63.70967741935484	47.4	0.56	118.92473118279571	88.48	0.56	118.92473118279571	88.48
VI	30	720	240.27777777777777	173				2	0.97	233.06944444444443	167.81	0.82	197.02777777777777	141.85999999999999	0.93	223.45833333333334	160.89000000000001	0.93	223.45833333333334	160.89000000000001		2			0.78	187.41666666666666	134.94	0.45	108.125	77.85000000000001	0.78	187.41666666666666	134.94	0.78	187.41666666666666	134.94		2	210.24305555555554	151.375	152.57638888888889	109.85499999999999	205.4375	147.91500000000002	205.4375	147.91500000000002		oblast 2	0.5	120.13888888888889	86.5	0.32	76.88888888888889	55.36	0.55	132.15277777777777	95.15	0.55	132.15277777777777	95.15
VII	31	744	227.1505376344086	169					0.98	222.60752688172042	165.62	0.81	183.99193548387098	136.89000000000001	0.93	211.25000000000003	157.17000000000002	0.93	211.25000000000003	157.17000000000002					0.81	183.99193548387098	136.89000000000001	0.42	95.40322580645162	70.98	0.78	177.17741935483872	131.82	0.78	177.17741935483872	131.82			203.2997311827957	151.255	139.69758064516128	103.935	194.2137096774194	144.495	194.2137096774194	144.495			0.52	118.11827956989248	87.88000000000001	0.31	70.41666666666667	52.39	0.55	124.93279569892475	92.95	0.55	124.93279569892475	92.95
VIII	31	744	197.58064516129033	147					1.04	205.48387096774195	152.88	0.73	144.23387096774195	107.31	0.94	185.7258064516129	138.17999999999998	0.94	185.7258064516129	138.17999999999998					0.91	179.7983870967742	133.77	0.35	69.15322580645162	51.449999999999996	0.79	156.08870967741936	116.13000000000001	0.79	156.08870967741936	116.13000000000001			192.64112903225808	143.325	106.69354838709678	79.38	170.90725806451613	127.155	170.90725806451613	127.155			0.62	122.5	91.14	0.3	59.274193548387096	44.1	0.57	112.62096774193549	83.78999999999999	0.57	112.62096774193549	83.78999999999999
IX	30	720	150	108					1.17	175.5	126.35999999999999	0.59	88.5	63.72	0.95	142.5	102.6	0.95	142.5	102.6					1.11	166.50000000000003	119.88000000000001	0.31	46.5	33.48	0.81	121.50000000000001	87.48	0.81	121.50000000000001	87.48			171	123.12	67.5	48.599999999999994	132	95.03999999999999	132	95.03999999999999			0.85	127.5	91.8	0.28	42.00000000000001	30.240000000000002	0.6	90	64.8	0.6	90	64.8
X	31	744	79.3010752688172	59					1.33	105.47043010752688	78.47	0.45	35.685483870967744	26.55	0.96	76.12903225806451	56.64	0.96	76.12903225806451	56.64					1.4	111.02150537634408	82.6	0.34	26.96236559139785	20.060000000000002	0.84	66.61290322580645	49.559999999999995	0.84	66.61290322580645	49.559999999999995			108.24596774193549	80.535	31.3239247311828	23.305	71.37096774193549	53.099999999999994	71.37096774193549	53.099999999999994			1.19	94.36827956989247	70.21	0.3	23.79032258064516	17.7	0.63	49.95967741935484	37.17	0.63	49.95967741935484	37.17
XI	30	720	40.27777777777778	29					1.52	61.22222222222222	44.08	0.47	18.930555555555554	13.629999999999999	0.97	39.06944444444444	28.13	0.97	39.06944444444444	28.13					1.75	70.48611111111111	50.75	0.4	16.11111111111111	11.600000000000001	0.86	34.638888888888886	24.94	0.86	34.638888888888886	24.94			65.85416666666667	47.415	17.520833333333332	12.615	36.854166666666664	26.535	36.854166666666664	26.535			1.62	65.25	46.980000000000004	0.37	14.902777777777779	10.73	0.65	26.180555555555557	18.85	0.65	26.180555555555557	18.85
XII	31	744	26.881720430107528	20					1.76	47.31182795698925	35.2	0.48	12.903225806451612	9.6	0.99	26.612903225806452	19.8	0.99	26.612903225806452	19.8					2.15	57.795698924731184	43	0.46	12.365591397849464	9.200000000000001	0.9	24.193548387096776	18	0.9	24.193548387096776	18			52.553763440860216	39.1	12.634408602150538	9.4	25.403225806451616	18.9	25.403225806451616	18.9			2.19	58.87096774193549	43.8	0.46	12.365591397849464	9.200000000000001	0.77	20.698924731182796	15.4	0.77	20.698924731182796	15.4
																																																												
																																																												
month	days	hours		horizontal					South			North			East 			West							South			North			East 			West					South		North		East		West				South			North			East 			West		
			W/m2	kWh/m2					kvoc	W/m2	kWh/m2	kvoc	W/m2	kWh/m2	kvoc	W/m2	kWh/m2	kvoc	W/m2	kWh/m2					kvoc	W/m2	kWh/m2	kvoc	W/m2	kWh/m2	kvoc	W/m2	kWh/m2	kvoc	W/m2	kWh/m2			W/m2	kWh/m2	W/m2	kWh/m2	W/m2	kWh/m2	W/m2	kWh/m2			kvoc	W/m2	kWh/m2	kvoc	W/m2	kWh/m2	kvoc	W/m2	kWh/m2	kvoc	W/m2	kWh/m2
I	31	744	37.634408602150536	28					1.61	60.59139784946237	45.080000000000005	0.52	19.56989247311828	14.56	1	37.634408602150536	28	1	37.634408602150536	28					1.94	73.01075268817203	54.32	0.51	19.193548387096772	14.280000000000001	0.95	35.75268817204301	26.599999999999998	0.95	35.75268817204301	26.599999999999998			66.8010752688172	49.7	19.381720430107528	14.420000000000002	36.69354838709677	27.299999999999997	36.69354838709677	27.299999999999997			1.92	72.25806451612902	53.76	0.55	20.698924731182796	15.400000000000002	0.85	31.989247311827956	23.8	0.85	31.989247311827956	23.8
II	28	672	72.91666666666667	49					1.45	105.72916666666667	71.05	0.45	32.8125	22.05	0.98	71.45833333333334	48.019999999999996	0.98	71.45833333333334	48.019999999999996					1.64	119.58333333333333	80.36	0.44	32.083333333333336	21.56	0.92	67.08333333333334	45.080000000000005	0.92	67.08333333333334	45.080000000000005			112.65625	75.705	32.44791666666667	21.805	69.27083333333334	46.55	69.27083333333334	46.55			1.54	112.29166666666667	75.46000000000001	0.47	34.270833333333336	23.029999999999998	0.8	58.33333333333334	39.2	0.8	58.33333333333334	39.2
III	31	744	118.27956989247312	88					1.25	147.8494623655914	110	0.52	61.505376344086024	45.760000000000005	0.96	113.54838709677419	84.47999999999999	0.96	113.54838709677419	84.47999999999999					1.28	151.3978494623656	112.64	0.35	41.39784946236559	30.799999999999997	0.85	100.53763440860214	74.8	0.85	100.53763440860214	74.8			149.6236559139785	111.32	51.45161290322581	38.28	107.04301075268816	79.63999999999999	107.04301075268816	79.63999999999999			1.06	125.37634408602152	93.28	0.34	40.215053763440864	29.92	0.67	79.24731182795699	58.96	0.67	79.24731182795699	58.96
IV	30	720	180.55555555555554	130					1.09	196.80555555555554	141.70000000000002	0.68	122.77777777777777	88.4	0.94	169.7222222222222	122.19999999999999	0.94	169.7222222222222	122.19999999999999					0.99	178.75	128.7	0.34	61.388888888888886	44.2	0.81	146.25	105.30000000000001	0.81	146.25	105.30000000000001			187.77777777777777	135.2	92.08333333333333	66.30000000000001	157.9861111111111	113.75	157.9861111111111	113.75			0.72	130	93.6	0.3	54.166666666666664	39	0.59	106.52777777777777	76.7	0.59	106.52777777777777	76.7
V	31	744	211.0215053763441	157					1.01	213.13172043010755	158.57	0.79	166.70698924731184	124.03	0.94	198.36021505376343	147.57999999999998	0.94	198.36021505376343	147.57999999999998					0.84	177.25806451612902	131.88	0.4	84.40860215053765	62.800000000000004	0.79	166.70698924731184	124.03	0.79	166.70698924731184	124.03			195.19489247311827	145.225	125.55779569892474	93.415	182.53360215053763	135.805	182.53360215053763	135.805			0.55	116.06182795698926	86.35000000000001	0.3	63.306451612903224	47.1	0.56	118.1720430107527	87.92	0.56	118.1720430107527	87.92
VI	30	720	238.88888888888889	172				Bardejov	0.97	231.7222222222222	166.84	0.82	195.88888888888889	141.04	0.93	222.16666666666669	159.96	0.93	222.16666666666669	159.96		Bardejov			0.78	186.33333333333334	134.16	0.45	107.5	77.4	0.78	186.33333333333334	134.16	0.78	186.33333333333334	134.16		Bardejov	209.02777777777777	150.5	151.69444444444446	109.22	204.25	147.06	204.25	147.06		Bardejov	0.5	119.44444444444444	86	0.32	76.44444444444444	55.04	0.55	131.38888888888889	94.60000000000001	0.55	131.38888888888889	94.60000000000001
VII	31	744	223.11827956989248	166				2	0.98	218.65591397849462	162.68	0.81	180.72580645161293	134.46	0.93	207.50000000000003	154.38	0.93	207.50000000000003	154.38		2			0.81	180.72580645161293	134.46	0.42	93.70967741935483	69.72	0.78	174.03225806451613	129.48000000000002	0.78	174.03225806451613	129.48000000000002		2	199.69086021505376	148.57	137.21774193548387	102.09	190.76612903225808	141.93	190.76612903225808	141.93		oblast 2	0.52	116.0215053763441	86.32000000000001	0.31	69.16666666666667	51.46	0.55	122.71505376344088	91.30000000000001	0.55	122.71505376344088	91.30000000000001
VIII	31	744	192.20430107526883	143					1.04	199.89247311827958	148.72	0.73	140.30913978494624	104.39	0.94	180.6720430107527	134.42	0.94	180.6720430107527	134.42					0.91	174.90591397849465	130.13	0.35	67.27150537634408	50.05	0.79	151.8413978494624	112.97	0.79	151.8413978494624	112.97			187.39919354838713	139.425	103.79032258064515	77.22	166.25672043010755	123.695	166.25672043010755	123.695			0.62	119.16666666666667	88.66	0.3	57.66129032258065	42.9	0.57	109.55645161290322	81.50999999999999	0.57	109.55645161290322	81.50999999999999
IX	30	720	150	108					1.17	175.5	126.35999999999999	0.59	88.5	63.72	0.95	142.5	102.6	0.95	142.5	102.6					1.11	166.50000000000003	119.88000000000001	0.31	46.5	33.48	0.81	121.50000000000001	87.48	0.81	121.50000000000001	87.48			171	123.12	67.5	48.599999999999994	132	95.03999999999999	132	95.03999999999999			0.85	127.5	91.8	0.28	42.00000000000001	30.240000000000002	0.6	90	64.8	0.6	90	64.8
X	31	744	86.02150537634408	64					1.33	114.40860215053763	85.12	0.45	38.70967741935484	28.8	0.96	82.58064516129032	61.44	0.96	82.58064516129032	61.44					1.4	120.4301075268817	89.6	0.34	29.247311827956988	21.76	0.84	72.25806451612902	53.76	0.84	72.25806451612902	53.76			117.41935483870967	87.36	33.97849462365591	25.28	77.41935483870967	57.599999999999994	77.41935483870967	57.599999999999994			1.19	102.36559139784946	76.16	0.3	25.806451612903224	19.2	0.63	54.19354838709677	40.32	0.63	54.19354838709677	40.32
XI	30	720	43.05555555555556	31					1.52	65.44444444444444	47.12	0.47	20.23611111111111	14.569999999999999	0.97	41.763888888888886	30.07	0.97	41.763888888888886	30.07					1.75	75.34722222222223	54.25	0.4	17.222222222222225	12.4	0.86	37.02777777777778	26.66	0.86	37.02777777777778	26.66			70.39583333333334	50.685	18.729166666666668	13.485	39.39583333333333	28.365000000000002	39.39583333333333	28.365000000000002			1.62	69.75000000000001	50.220000000000006	0.37	15.930555555555555	11.47	0.65	27.986111111111114	20.150000000000002	0.65	27.986111111111114	20.150000000000002
XII	31	744	28.225806451612904	21					1.76	49.67741935483871	36.96	0.48	13.548387096774194	10.08	0.99	27.943548387096776	20.79	0.99	27.943548387096776	20.79					2.15	60.685483870967744	45.15	0.46	12.983870967741936	9.66	0.9	25.403225806451616	18.900000000000002	0.9	25.403225806451616	18.900000000000002			55.18145161290323	41.055	13.266129032258064	9.870000000000001	26.673387096774196	19.845	26.673387096774196	19.845			2.19	61.814516129032256	45.99	0.46	12.983870967741936	9.66	0.77	21.733870967741936	16.17	0.77	21.733870967741936	16.17
																																																												
month	days	hours		horizontal					South			North			East 			West							South			North			East 			West					South		North		East		West				South			North			East 			West		
			W/m2	kWh/m2					kvoc	W/m2	kWh/m2	kvoc	W/m2	kWh/m2	kvoc	W/m2	kWh/m2	kvoc	W/m2	kWh/m2					kvoc	W/m2	kWh/m2	kvoc	W/m2	kWh/m2	kvoc	W/m2	kWh/m2	kvoc	W/m2	kWh/m2			W/m2	kWh/m2	W/m2	kWh/m2	W/m2	kWh/m2	W/m2	kWh/m2			kvoc	W/m2	kWh/m2	kvoc	W/m2	kWh/m2	kvoc	W/m2	kWh/m2	kvoc	W/m2	kWh/m2
I	31	744	38.97849462365591	29					1.61	62.755376344086024	46.690000000000005	0.52	20.268817204301076	15.08	1	38.97849462365591	29	1	38.97849462365591	29					1.94	75.61827956989247	56.26	0.51	19.879032258064516	14.790000000000001	0.95	37.02956989247311	27.549999999999997	0.95	37.02956989247311	27.549999999999997			69.18682795698925	51.475	20.073924731182796	14.935	38.00403225806451	28.275	38.00403225806451	28.275			1.92	74.83870967741935	55.68	0.55	21.438172043010752	15.950000000000001	0.85	33.13172043010753	24.65	0.85	33.13172043010753	24.65
II	28	672	74.4047619047619	50					1.45	107.88690476190474	72.5	0.45	33.482142857142854	22.5	0.98	72.91666666666666	49	0.98	72.91666666666666	49					1.64	122.0238095238095	82	0.44	32.738095238095234	22	0.92	68.45238095238095	46	0.92	68.45238095238095	46			114.95535714285712	77.25	33.110119047619044	22.25	70.6845238095238	47.5	70.6845238095238	47.5			1.54	114.58333333333333	77	0.47	34.97023809523809	23.5	0.8	59.52380952380952	40	0.8	59.52380952380952	40
III	31	744	120.96774193548387	90					1.25	151.20967741935485	112.5	0.52	62.903225806451616	46.800000000000004	0.96	116.12903225806451	86.39999999999999	0.96	116.12903225806451	86.39999999999999					1.28	154.83870967741936	115.2	0.35	42.33870967741935	31.499999999999996	0.85	102.8225806451613	76.5	0.85	102.8225806451613	76.5			153.0241935483871	113.85	52.62096774193549	39.15	109.4758064516129	81.44999999999999	109.4758064516129	81.44999999999999			1.06	128.2258064516129	95.4	0.34	41.12903225806452	30.6	0.67	81.04838709677419	60.300000000000004	0.67	81.04838709677419	60.300000000000004
IV	30	720	184.72222222222223	133					1.09	201.34722222222226	144.97	0.68	125.61111111111113	90.44000000000001	0.94	173.63888888888889	125.02	0.94	173.63888888888889	125.02					0.99	182.875	131.67	0.34	62.805555555555564	45.220000000000006	0.81	149.62500000000003	107.73	0.81	149.62500000000003	107.73			192.11111111111114	138.32	94.20833333333334	67.83000000000001	161.63194444444446	116.375	161.63194444444446	116.375			0.72	133	95.75999999999999	0.3	55.416666666666664	39.9	0.59	108.98611111111111	78.47	0.59	108.98611111111111	78.47
V	31	744	211.0215053763441	157					1.01	213.13172043010755	158.57	0.79	166.70698924731184	124.03	0.94	198.36021505376343	147.57999999999998	0.94	198.36021505376343	147.57999999999998					0.84	177.25806451612902	131.88	0.4	84.40860215053765	62.800000000000004	0.79	166.70698924731184	124.03	0.79	166.70698924731184	124.03			195.19489247311827	145.225	125.55779569892474	93.415	182.53360215053763	135.805	182.53360215053763	135.805			0.55	116.06182795698926	86.35000000000001	0.3	63.306451612903224	47.1	0.56	118.1720430107527	87.92	0.56	118.1720430107527	87.92
VI	30	720	231.94444444444446	167				Presov	0.97	224.98611111111111	161.99	0.82	190.19444444444446	136.94	0.93	215.70833333333334	155.31	0.93	215.70833333333334	155.31		Presov			0.78	180.91666666666669	130.26	0.45	104.37500000000001	75.15	0.78	180.91666666666669	130.26	0.78	180.91666666666669	130.26		Presov	202.9513888888889	146.125	147.28472222222223	106.045	198.3125	142.785	198.3125	142.785		Presov	0.5	115.97222222222223	83.5	0.32	74.22222222222223	53.44	0.55	127.56944444444446	91.85000000000001	0.55	127.56944444444446	91.85000000000001
VII	31	744	223.11827956989248	166				2	0.98	218.65591397849462	162.68	0.81	180.72580645161293	134.46	0.93	207.50000000000003	154.38	0.93	207.50000000000003	154.38		2			0.81	180.72580645161293	134.46	0.42	93.70967741935483	69.72	0.78	174.03225806451613	129.48000000000002	0.78	174.03225806451613	129.48000000000002		2	199.69086021505376	148.57	137.21774193548387	102.09	190.76612903225808	141.93	190.76612903225808	141.93		oblast 2	0.52	116.0215053763441	86.32000000000001	0.31	69.16666666666667	51.46	0.55	122.71505376344088	91.30000000000001	0.55	122.71505376344088	91.30000000000001
VIII	31	744	194.89247311827958	145					1.04	202.68817204301078	150.8	0.73	142.2715053763441	105.85	0.94	183.19892473118279	136.29999999999998	0.94	183.19892473118279	136.29999999999998					0.91	177.35215053763443	131.95000000000002	0.35	68.21236559139786	50.75	0.79	153.96505376344086	114.55000000000001	0.79	153.96505376344086	114.55000000000001			190.02016129032262	141.375	105.24193548387098	78.3	168.5819892473118	125.425	168.5819892473118	125.425			0.62	120.83333333333334	89.9	0.3	58.46774193548387	43.5	0.57	111.08870967741936	82.64999999999999	0.57	111.08870967741936	82.64999999999999
IX	30	720	155.55555555555554	112					1.17	181.99999999999997	131.04	0.59	91.77777777777777	66.08	0.95	147.77777777777777	106.39999999999999	0.95	147.77777777777777	106.39999999999999					1.11	172.66666666666666	124.32000000000001	0.31	48.22222222222222	34.72	0.81	126	90.72	0.81	126	90.72			177.33333333333331	127.68	70	50.4	136.88888888888889	98.56	136.88888888888889	98.56			0.85	132.2222222222222	95.2	0.28	43.55555555555556	31.360000000000003	0.6	93.33333333333333	67.2	0.6	93.33333333333333	67.2
X	31	744	87.36559139784946	65					1.33	116.19623655913978	86.45	0.45	39.314516129032256	29.25	0.96	83.87096774193547	62.4	0.96	83.87096774193547	62.4					1.4	122.31182795698923	91	0.34	29.704301075268816	22.1	0.84	73.38709677419354	54.6	0.84	73.38709677419354	54.6			119.25403225806451	88.725	34.509408602150536	25.675	78.62903225806451	58.5	78.62903225806451	58.5			1.19	103.96505376344085	77.35	0.3	26.209677419354836	19.5	0.63	55.04032258064516	40.95	0.63	55.04032258064516	40.95
XI	30	720	45.833333333333336	33					1.52	69.66666666666667	50.160000000000004	0.47	21.541666666666668	15.51	0.97	44.458333333333336	32.01	0.97	44.458333333333336	32.01					1.75	80.20833333333334	57.75	0.4	18.333333333333336	13.200000000000001	0.86	39.41666666666667	28.38	0.86	39.41666666666667	28.38			74.9375	53.955	19.9375	14.355	41.9375	30.195	41.9375	30.195			1.62	74.25000000000001	53.46	0.37	16.958333333333336	12.209999999999999	0.65	29.791666666666668	21.45	0.65	29.791666666666668	21.45
XII	31	744	29.56989247311828	22					1.76	52.043010752688176	38.72	0.48	14.193548387096774	10.559999999999999	0.99	29.274193548387096	21.78	0.99	29.274193548387096	21.78					2.15	63.5752688172043	47.3	0.46	13.60215053763441	10.120000000000001	0.9	26.612903225806452	19.8	0.9	26.612903225806452	19.8			57.80913978494624	43.01	13.897849462365592	10.34	27.943548387096776	20.79	27.943548387096776	20.79			2.19	64.75806451612902	48.18	0.46	13.60215053763441	10.120000000000001	0.77	22.768817204301076	16.94	0.77	22.768817204301076	16.94
																																																												
month	days	hours		horizontal					South			North			East 			West							South			North			East 			West					South		North		East		West				South			North			East 			West		
			W/m2	kWh/m2					kvoc	W/m2	kWh/m2	kvoc	W/m2	kWh/m2	kvoc	W/m2	kWh/m2	kvoc	W/m2	kWh/m2					kvoc	W/m2	kWh/m2	kvoc	W/m2	kWh/m2	kvoc	W/m2	kWh/m2	kvoc	W/m2	kWh/m2			W/m2	kWh/m2	W/m2	kWh/m2	W/m2	kWh/m2	W/m2	kWh/m2			kvoc	W/m2	kWh/m2	kvoc	W/m2	kWh/m2	kvoc	W/m2	kWh/m2	kvoc	W/m2	kWh/m2
I	31	744	36.29032258064516	27					1.62	58.79032258064516	43.74	0.5	18.14516129032258	13.5	1	36.29032258064516	27	1	36.29032258064516	27					1.96	71.12903225806451	52.92	0.49	17.782258064516128	13.23	0.95	34.475806451612904	25.65	0.95	34.475806451612904	25.65			64.95967741935483	48.33	17.963709677419352	13.365	35.38306451612903	26.325	35.38306451612903	26.325			1.94	70.40322580645162	52.379999999999995	0.53	19.233870967741936	14.31	0.85	30.846774193548384	22.95	0.85	30.846774193548384	22.95
II	28	672	74.4047619047619	50					1.46	108.63095238095237	73	0.43	31.994047619047617	21.5	0.99	73.66071428571428	49.5	0.99	73.66071428571428	49.5					1.65	122.76785714285712	82.5	0.41	30.505952380952376	20.5	0.91	67.70833333333333	45.5	0.91	67.70833333333333	45.5			115.69940476190474	77.75	31.249999999999996	21	70.6845238095238	47.5	70.6845238095238	47.5			1.53	113.83928571428571	76.5	0.44	32.738095238095234	22	0.78	58.035714285714285	39	0.78	58.035714285714285	39
III	31	744	119.6236559139785	89					1.26	150.7258064516129	112.14	0.51	61.00806451612903	45.39	0.96	114.83870967741935	85.44	0.96	114.83870967741935	85.44					1.28	153.11827956989248	113.92	0.33	39.475806451612904	29.37	0.84	100.48387096774194	74.75999999999999	0.84	100.48387096774194	74.75999999999999			151.9220430107527	113.03	50.24193548387097	37.38	107.66129032258064	80.1	107.66129032258064	80.1			1.05	125.60483870967742	93.45	0.32	38.27956989247312	28.48	0.67	80.1478494623656	59.63	0.67	80.1478494623656	59.63
IV	30	720	190.27777777777777	137					1.1	209.30555555555557	150.70000000000002	0.68	129.38888888888889	93.16000000000001	0.94	178.8611111111111	128.78	0.94	178.8611111111111	128.78					0.99	188.375	135.63	0.33	62.791666666666664	45.21	0.8	152.22222222222223	109.60000000000001	0.8	152.22222222222223	109.60000000000001			198.84027777777777	143.16500000000002	96.09027777777777	69.185	165.54166666666666	119.19	165.54166666666666	119.19			0.71	135.0972222222222	97.27	0.28	53.27777777777778	38.36000000000001	0.59	112.26388888888889	80.83	0.59	112.26388888888889	80.83
V	31	744	225.80645161290323	168					1.01	228.06451612903226	169.68	0.79	178.38709677419357	132.72	0.94	212.25806451612902	157.92	0.94	212.25806451612902	157.92					0.84	189.67741935483872	141.12	0.39	88.06451612903226	65.52	0.79	178.38709677419357	132.72	0.79	178.38709677419357	132.72			208.8709677419355	155.4	133.22580645161293	99.12	195.32258064516128	145.32	195.32258064516128	145.32			0.55	124.19354838709678	92.4	0.3	67.74193548387096	50.4	0.57	128.70967741935482	95.75999999999999	0.57	128.70967741935482	95.75999999999999
VI	30	720	251.38888888888889	181				Bratislava-letisko	0.97	243.8472222222222	175.57	0.82	206.13888888888889	148.42	0.93	233.79166666666669	168.33	0.93	233.79166666666669	168.33		Bratislava-letisko			0.78	196.08333333333334	141.18	0.45	113.125	81.45	0.78	196.08333333333334	141.18	0.78	196.08333333333334	141.18		Bratislava-letisko	219.96527777777777	158.375	159.63194444444446	114.935	214.9375	154.755	214.9375	154.755		Bratislava-letisko	0.49	123.18055555555556	88.69	0.31	77.93055555555556	56.11	0.55	138.26388888888889	99.55000000000001	0.55	138.26388888888889	99.55000000000001
VII	31	744	237.90322580645162	177				1	0.98	233.1451612903226	173.46	0.81	192.70161290322582	143.37	0.93	221.25	164.61	0.93	221.25	164.61		1			0.81	192.70161290322582	143.37	0.42	99.91935483870968	74.34	0.78	185.56451612903226	138.06	0.78	185.56451612903226	138.06		1	212.9233870967742	158.41500000000002	146.31048387096774	108.855	203.40725806451613	151.335	203.40725806451613	151.335		oblasť 1	0.51	121.33064516129032	90.27	0.3	71.37096774193549	53.1	0.55	130.8467741935484	97.35000000000001	0.55	130.8467741935484	97.35000000000001
VIII	31	744	206.98924731182797	154					1.05	217.3387096774194	161.70000000000002	0.73	151.1021505376344	112.42	0.93	192.50000000000003	143.22	0.93	192.50000000000003	143.22					0.91	188.36021505376345	140.14000000000001	0.34	70.37634408602152	52.36000000000001	0.79	163.5215053763441	121.66000000000001	0.79	163.5215053763441	121.66000000000001			202.84946236559142	150.92000000000002	110.73924731182797	82.39	178.01075268817206	132.44	178.01075268817206	132.44			0.62	128.33333333333334	95.48	0.29	60.026881720430104	44.66	0.58	120.05376344086021	89.32	0.58	120.05376344086021	89.32
IX	30	720	155.55555555555554	112					1.18	183.55555555555554	132.16	0.58	90.22222222222221	64.96	0.95	147.77777777777777	106.39999999999999	0.95	147.77777777777777	106.39999999999999					1.12	174.22222222222223	125.44000000000001	0.3	46.666666666666664	33.6	0.81	126	90.72	0.81	126	90.72			178.88888888888889	128.8	68.44444444444444	49.28	136.88888888888889	98.56	136.88888888888889	98.56			0.85	132.2222222222222	95.2	0.27	42	30.240000000000002	0.6	93.33333333333333	67.2	0.6	93.33333333333333	67.2
X	31	744	90.05376344086021	67					1.35	121.5725806451613	90.45	0.43	38.72311827956989	28.81	0.96	86.4516129032258	64.32	0.96	86.4516129032258	64.32					1.43	128.77688172043008	95.81	0.33	29.717741935483872	22.11	0.84	75.64516129032258	56.28	0.84	75.64516129032258	56.28			125.17473118279568	93.13	34.22043010752688	25.46	81.04838709677418	60.3	81.04838709677418	60.3			1.22	109.86559139784946	81.74	0.29	26.11559139784946	19.43	0.64	57.634408602150536	42.88	0.64	57.634408602150536	42.88
XI	30	720	43.05555555555556	31					1.53	65.875	47.43	0.45	19.375	13.950000000000001	0.98	42.19444444444444	30.38	0.98	42.19444444444444	30.38					1.76	75.77777777777779	54.56	0.39	16.791666666666668	12.09	0.85	36.59722222222222	26.349999999999998	0.85	36.59722222222222	26.349999999999998			70.82638888888889	50.995000000000005	18.083333333333336	13.02	39.39583333333333	28.365	39.39583333333333	28.365			1.62	69.75000000000001	50.220000000000006	0.35	15.069444444444445	10.85	0.64	27.555555555555557	19.84	0.64	27.555555555555557	19.84
XII	31	744	29.56989247311828	22					1.81	53.52150537634409	39.82	0.45	13.306451612903226	9.9	1	29.56989247311828	22	1	29.56989247311828	22					2.23	65.94086021505376	49.06	0.42	12.419354838709678	9.24	0.9	26.612903225806452	19.8	0.9	26.612903225806452	19.8			59.73118279569893	44.44	12.862903225806452	9.57	28.091397849462368	20.9	28.091397849462368	20.9			2.19	64.75806451612902	48.18	0.43	12.71505376344086	9.459999999999999	0.75	22.17741935483871	16.5	0.75	22.17741935483871	16.5
																																																												
month	days	hours		horizontal					South			North			East 			West							South			North			East 			West					South		North		East		West				South			North			East 			West		
			W/m2	kWh/m2					kvoc	W/m2	kWh/m2	kvoc	W/m2	kWh/m2	kvoc	W/m2	kWh/m2	kvoc	W/m2	kWh/m2					kvoc	W/m2	kWh/m2	kvoc	W/m2	kWh/m2	kvoc	W/m2	kWh/m2	kvoc	W/m2	kWh/m2			W/m2	kWh/m2	W/m2	kWh/m2	W/m2	kWh/m2	W/m2	kWh/m2			kvoc	W/m2	kWh/m2	kvoc	W/m2	kWh/m2	kvoc	W/m2	kWh/m2	kvoc	W/m2	kWh/m2
I	31	744	34.946236559139784	26					1.61	56.263440860215056	41.86	0.52	18.172043010752688	13.52	1	34.946236559139784	26	1	34.946236559139784	26					1.94	67.79569892473118	50.44	0.51	17.822580645161292	13.26	0.95	33.19892473118279	24.7	0.95	33.19892473118279	24.7			62.02956989247312	46.15	17.99731182795699	13.39	34.07258064516129	25.35	34.07258064516129	25.35			1.92	67.09677419354838	49.92	0.55	19.220430107526884	14.3	0.85	29.704301075268816	22.099999999999998	0.85	29.704301075268816	22.099999999999998
II	28	672	72.91666666666667	49					1.45	105.72916666666667	71.05	0.45	32.8125	22.05	0.98	71.45833333333334	48.019999999999996	0.98	71.45833333333334	48.019999999999996					1.64	119.58333333333333	80.36	0.44	32.083333333333336	21.56	0.92	67.08333333333334	45.080000000000005	0.92	67.08333333333334	45.080000000000005			112.65625	75.705	32.44791666666667	21.805	69.27083333333334	46.55	69.27083333333334	46.55			1.54	112.29166666666667	75.46000000000001	0.47	34.270833333333336	23.029999999999998	0.8	58.33333333333334	39.2	0.8	58.33333333333334	39.2
III	31	744	119.6236559139785	89					1.25	149.52956989247312	111.25	0.52	62.20430107526882	46.28	0.96	114.83870967741935	85.44	0.96	114.83870967741935	85.44					1.28	153.11827956989248	113.92	0.35	41.86827956989247	31.15	0.85	101.68010752688171	75.64999999999999	0.85	101.68010752688171	75.64999999999999			151.32392473118279	112.58500000000001	52.03629032258065	38.715	108.25940860215053	80.54499999999999	108.25940860215053	80.54499999999999			1.06	126.80107526881721	94.34	0.34	40.67204301075269	30.26	0.67	80.1478494623656	59.63	0.67	80.1478494623656	59.63
IV	30	720	186.11111111111111	134					1.09	202.86111111111114	146.06	0.68	126.55555555555557	91.12	0.94	174.94444444444443	125.96	0.94	174.94444444444443	125.96					0.99	184.25	132.66	0.34	63.277777777777786	45.56	0.81	150.75	108.54	0.81	150.75	108.54			193.55555555555557	139.36	94.91666666666669	68.34	162.84722222222223	117.25	162.84722222222223	117.25			0.72	134	96.47999999999999	0.3	55.833333333333336	40.199999999999996	0.59	109.80555555555556	79.06	0.59	109.80555555555556	79.06
V	31	744	219.08602150537635	163					1.01	221.2768817204301	164.63	0.79	173.07795698924733	128.77	0.94	205.94086021505376	153.22	0.94	205.94086021505376	153.22					0.84	184.03225806451613	136.92	0.4	87.63440860215054	65.2	0.79	173.07795698924733	128.77	0.79	173.07795698924733	128.77			202.65456989247312	150.77499999999998	130.35618279569894	96.98500000000001	189.50940860215053	140.995	189.50940860215053	140.995			0.55	120.497311827957	89.65	0.3	65.7258064516129	48.9	0.56	122.68817204301077	91.28000000000002	0.56	122.68817204301077	91.28000000000002
VI	30	720	247.22222222222223	178				Košice-letisko	0.97	239.80555555555554	172.66	0.82	202.72222222222223	145.95999999999998	0.93	229.91666666666669	165.54000000000002	0.93	229.91666666666669	165.54000000000002		Košice-letisko			0.78	192.83333333333334	138.84	0.45	111.25	80.10000000000001	0.78	192.83333333333334	138.84	0.78	192.83333333333334	138.84		Košice-letisko	216.31944444444446	155.75	156.98611111111111	113.03	211.375	152.19	211.375	152.19		Košice-letisko	0.5	123.61111111111111	89	0.32	79.11111111111111	56.96	0.55	135.97222222222223	97.9	0.55	135.97222222222223	97.9
VII	31	744	229.83870967741936	171				2	0.98	225.24193548387098	167.57999999999998	0.81	186.1693548387097	138.51000000000002	0.93	213.75000000000003	159.03	0.93	213.75000000000003	159.03		2			0.81	186.1693548387097	138.51000000000002	0.42	96.53225806451613	71.82	0.78	179.2741935483871	133.38	0.78	179.2741935483871	133.38		2	205.70564516129033	153.04500000000002	141.35080645161293	105.165	196.51209677419357	146.20499999999998	196.51209677419357	146.20499999999998		oblast 2	0.52	119.51612903225806	88.92	0.31	71.25	53.01	0.55	126.41129032258065	94.05000000000001	0.55	126.41129032258065	94.05000000000001
VIII	31	744	200.2688172043011	149					1.04	208.27956989247315	154.96	0.73	146.19623655913978	108.77	0.94	188.252688172043	140.06	0.94	188.252688172043	140.06					0.91	182.24462365591398	135.59	0.35	70.09408602150538	52.15	0.79	158.21236559139786	117.71000000000001	0.79	158.21236559139786	117.71000000000001			195.26209677419357	145.275	108.14516129032258	80.46	173.23252688172045	128.885	173.23252688172045	128.885			0.62	124.16666666666667	92.38	0.3	60.08064516129032	44.699999999999996	0.57	114.15322580645162	84.92999999999999	0.57	114.15322580645162	84.92999999999999
IX	30	720	154.16666666666666	111					1.17	180.37499999999997	129.87	0.59	90.95833333333333	65.49	0.95	146.45833333333331	105.44999999999999	0.95	146.45833333333331	105.44999999999999					1.11	171.125	123.21000000000001	0.31	47.791666666666664	34.41	0.81	124.875	89.91000000000001	0.81	124.875	89.91000000000001			175.75	126.54	69.375	49.949999999999996	135.66666666666666	97.68	135.66666666666666	97.68			0.85	131.04166666666666	94.35	0.28	43.16666666666667	31.080000000000002	0.6	92.49999999999999	66.6	0.6	92.49999999999999	66.6
X	31	744	87.36559139784946	65					1.33	116.19623655913978	86.45	0.45	39.314516129032256	29.25	0.96	83.87096774193547	62.4	0.96	83.87096774193547	62.4					1.4	122.31182795698923	91	0.34	29.704301075268816	22.1	0.84	73.38709677419354	54.6	0.84	73.38709677419354	54.6			119.25403225806451	88.725	34.509408602150536	25.675	78.62903225806451	58.5	78.62903225806451	58.5			1.19	103.96505376344085	77.35	0.3	26.209677419354836	19.5	0.63	55.04032258064516	40.95	0.63	55.04032258064516	40.95
XI	30	720	41.666666666666664	30					1.52	63.33333333333333	45.6	0.47	19.583333333333332	14.1	0.97	40.416666666666664	29.099999999999998	0.97	40.416666666666664	29.099999999999998					1.75	72.91666666666666	52.5	0.4	16.666666666666668	12	0.86	35.83333333333333	25.8	0.86	35.83333333333333	25.8			68.125	49.05	18.125	13.05	38.125	27.45	38.125	27.45			1.62	67.5	48.6	0.37	15.416666666666666	11.1	0.65	27.083333333333332	19.5	0.65	27.083333333333332	19.5
XII	31	744	26.881720430107528	20					1.76	47.31182795698925	35.2	0.48	12.903225806451612	9.6	0.99	26.612903225806452	19.8	0.99	26.612903225806452	19.8					2.15	57.795698924731184	43	0.46	12.365591397849464	9.200000000000001	0.9	24.193548387096776	18	0.9	24.193548387096776	18			52.553763440860216	39.1	12.634408602150538	9.4	25.403225806451616	18.9	25.403225806451616	18.9			2.19	58.87096774193549	43.8	0.46	12.365591397849464	9.200000000000001	0.77	20.698924731182796	15.4	0.77	20.698924731182796	15.4
																																																												
month	days	hours		horizontal					South			North			East 			West							South			North			East 			West					South		North		East		West				South			North			East 			West		
			W/m2	kWh/m2					kvoc	W/m2	kWh/m2	kvoc	W/m2	kWh/m2	kvoc	W/m2	kWh/m2	kvoc	W/m2	kWh/m2					kvoc	W/m2	kWh/m2	kvoc	W/m2	kWh/m2	kvoc	W/m2	kWh/m2	kvoc	W/m2	kWh/m2			W/m2	kWh/m2	W/m2	kWh/m2	W/m2	kWh/m2	W/m2	kWh/m2			kvoc	W/m2	kWh/m2	kvoc	W/m2	kWh/m2	kvoc	W/m2	kWh/m2	kvoc	W/m2	kWh/m2
I	31	744	34.946236559139784	26					1.61	56.263440860215056	41.86	0.52	18.172043010752688	13.52	1	34.946236559139784	26	1	34.946236559139784	26					1.94	67.79569892473118	50.44	0.51	17.822580645161292	13.26	0.95	33.19892473118279	24.7	0.95	33.19892473118279	24.7			62.02956989247312	46.15	17.99731182795699	13.39	34.07258064516129	25.35	34.07258064516129	25.35			1.92	67.09677419354838	49.92	0.55	19.220430107526884	14.3	0.85	29.704301075268816	22.099999999999998	0.85	29.704301075268816	22.099999999999998
II	28	672	72.91666666666667	49					1.45	105.72916666666667	71.05	0.45	32.8125	22.05	0.98	71.45833333333334	48.019999999999996	0.98	71.45833333333334	48.019999999999996					1.64	119.58333333333333	80.36	0.44	32.083333333333336	21.56	0.92	67.08333333333334	45.080000000000005	0.92	67.08333333333334	45.080000000000005			112.65625	75.705	32.44791666666667	21.805	69.27083333333334	46.55	69.27083333333334	46.55			1.54	112.29166666666667	75.46000000000001	0.47	34.270833333333336	23.029999999999998	0.8	58.33333333333334	39.2	0.8	58.33333333333334	39.2
III	31	744	115.59139784946237	86					1.25	144.48924731182797	107.5	0.52	60.10752688172043	44.72	0.96	110.96774193548387	82.56	0.96	110.96774193548387	82.56					1.28	147.95698924731184	110.08	0.35	40.456989247311824	30.099999999999998	0.85	98.25268817204301	73.1	0.85	98.25268817204301	73.1			146.22311827956992	108.78999999999999	50.28225806451613	37.41	104.61021505376344	77.83	104.61021505376344	77.83			1.06	122.52688172043011	91.16000000000001	0.34	39.30107526881721	29.240000000000002	0.67	77.44623655913979	57.620000000000005	0.67	77.44623655913979	57.620000000000005
IV	30	720	172.22222222222223	124					1.09	187.72222222222226	135.16	0.68	117.11111111111113	84.32000000000001	0.94	161.88888888888889	116.55999999999999	0.94	161.88888888888889	116.55999999999999					0.99	170.5	122.76	0.34	58.555555555555564	42.160000000000004	0.81	139.50000000000003	100.44000000000001	0.81	139.50000000000003	100.44000000000001			179.11111111111114	128.96	87.83333333333334	63.24000000000001	150.69444444444446	108.5	150.69444444444446	108.5			0.72	124	89.28	0.3	51.666666666666664	37.199999999999996	0.59	101.61111111111111	73.16	0.59	101.61111111111111	73.16
V	31	744	197.58064516129033	147					1.01	199.55645161290323	148.47	0.79	156.08870967741936	116.13000000000001	0.94	185.7258064516129	138.17999999999998	0.94	185.7258064516129	138.17999999999998					0.84	165.96774193548387	123.47999999999999	0.4	79.03225806451614	58.800000000000004	0.79	156.08870967741936	116.13000000000001	0.79	156.08870967741936	116.13000000000001			182.76209677419354	135.975	117.56048387096774	87.465	170.90725806451613	127.155	170.90725806451613	127.155			0.55	108.6693548387097	80.85000000000001	0.3	59.274193548387096	44.1	0.56	110.6451612903226	82.32000000000001	0.56	110.6451612903226	82.32000000000001
VI	30	720	218.05555555555554	157				Liptovský Mikuláš	0.97	211.51388888888886	152.29	0.82	178.80555555555554	128.73999999999998	0.93	202.79166666666666	146.01000000000002	0.93	202.79166666666666	146.01000000000002		Liptovský Mikuláš			0.78	170.08333333333334	122.46000000000001	0.45	98.125	70.65	0.78	170.08333333333334	122.46000000000001	0.78	170.08333333333334	122.46000000000001		Liptovský Mikuláš	190.7986111111111	137.375	138.46527777777777	99.695	186.4375	134.235	186.4375	134.235		Liptovský Mikuláš	0.5	109.02777777777777	78.5	0.32	69.77777777777777	50.24	0.55	119.93055555555556	86.35000000000001	0.55	119.93055555555556	86.35000000000001
VII	31	744	209.67741935483872	156				2	0.98	205.48387096774195	152.88	0.81	169.83870967741936	126.36000000000001	0.93	195.00000000000003	145.08	0.93	195.00000000000003	145.08		2			0.81	169.83870967741936	126.36000000000001	0.42	88.06451612903226	65.52	0.78	163.5483870967742	121.68	0.78	163.5483870967742	121.68		2	187.66129032258067	139.62	128.9516129032258	95.94	179.27419354838713	133.38	179.27419354838713	133.38		oblast 2	0.52	109.03225806451614	81.12	0.31	65	48.36	0.55	115.32258064516131	85.80000000000001	0.55	115.32258064516131	85.80000000000001
VIII	31	744	182.79569892473117	136					1.04	190.10752688172042	141.44	0.73	133.44086021505376	99.28	0.94	171.8279569892473	127.83999999999999	0.94	171.8279569892473	127.83999999999999					0.91	166.34408602150538	123.76	0.35	63.978494623655905	47.599999999999994	0.79	144.40860215053763	107.44	0.79	144.40860215053763	107.44			178.2258064516129	132.6	98.70967741935483	73.44	158.11827956989248	117.63999999999999	158.11827956989248	117.63999999999999			0.62	113.33333333333333	84.32	0.3	54.83870967741935	40.8	0.57	104.19354838709675	77.52	0.57	104.19354838709675	77.52
IX	30	720	143.05555555555554	103					1.17	167.37499999999997	120.50999999999999	0.59	84.40277777777777	60.769999999999996	0.95	135.90277777777777	97.85	0.95	135.90277777777777	97.85					1.11	158.79166666666666	114.33000000000001	0.31	44.34722222222222	31.93	0.81	115.875	83.43	0.81	115.875	83.43			163.08333333333331	117.42	64.375	46.349999999999994	125.88888888888889	90.64	125.88888888888889	90.64			0.85	121.59722222222221	87.55	0.28	40.05555555555556	28.840000000000003	0.6	85.83333333333333	61.8	0.6	85.83333333333333	61.8
X	31	744	81.98924731182795	61					1.33	109.04569892473118	81.13000000000001	0.45	36.89516129032258	27.45	0.96	78.70967741935483	58.559999999999995	0.96	78.70967741935483	58.559999999999995					1.4	114.78494623655912	85.39999999999999	0.34	27.876344086021504	20.740000000000002	0.84	68.87096774193547	51.239999999999995	0.84	68.87096774193547	51.239999999999995			111.91532258064515	83.265	32.38575268817204	24.095	73.79032258064515	54.89999999999999	73.79032258064515	54.89999999999999			1.19	97.56720430107526	72.59	0.3	24.596774193548384	18.3	0.63	51.65322580645161	38.43	0.63	51.65322580645161	38.43
XI	30	720	41.666666666666664	30					1.52	63.33333333333333	45.6	0.47	19.583333333333332	14.1	0.97	40.416666666666664	29.099999999999998	0.97	40.416666666666664	29.099999999999998					1.75	72.91666666666666	52.5	0.4	16.666666666666668	12	0.86	35.83333333333333	25.8	0.86	35.83333333333333	25.8			68.125	49.05	18.125	13.05	38.125	27.45	38.125	27.45			1.62	67.5	48.6	0.37	15.416666666666666	11.1	0.65	27.083333333333332	19.5	0.65	27.083333333333332	19.5
XII	31	744	26.881720430107528	20					1.76	47.31182795698925	35.2	0.48	12.903225806451612	9.6	0.99	26.612903225806452	19.8	0.99	26.612903225806452	19.8					2.15	57.795698924731184	43	0.46	12.365591397849464	9.200000000000001	0.9	24.193548387096776	18	0.9	24.193548387096776	18			52.553763440860216	39.1	12.634408602150538	9.4	25.403225806451616	18.9	25.403225806451616	18.9			2.19	58.87096774193549	43.8	0.46	12.365591397849464	9.200000000000001	0.77	20.698924731182796	15.4	0.77	20.698924731182796	15.4
																																																												
month	days	hours		horizontal					South			North			East 			West							South			North			East 			West					South		North		East		West				South			North			East 			West		
			W/m2	kWh/m2					kvoc	W/m2	kWh/m2	kvoc	W/m2	kWh/m2	kvoc	W/m2	kWh/m2	kvoc	W/m2	kWh/m2					kvoc	W/m2	kWh/m2	kvoc	W/m2	kWh/m2	kvoc	W/m2	kWh/m2	kvoc	W/m2	kWh/m2			W/m2	kWh/m2	W/m2	kWh/m2	W/m2	kWh/m2	W/m2	kWh/m2			kvoc	W/m2	kWh/m2	kvoc	W/m2	kWh/m2	kvoc	W/m2	kWh/m2	kvoc	W/m2	kWh/m2
I	31	744	38.97849462365591	29					1.75	68.21236559139784	50.75	0.47	18.319892473118276	13.629999999999999	1.02	39.75806451612903	29.580000000000002	1.02	39.75806451612903	29.580000000000002					2.2	85.75268817204301	63.800000000000004	0.5	19.489247311827956	14.5	1.01	39.36827956989247	29.29	1.01	39.36827956989247	29.29			76.98252688172042	57.275000000000006	18.904569892473116	14.065	39.56317204301075	29.435000000000002	39.56317204301075	29.435000000000002			2.22	86.53225806451613	64.38000000000001	0.58	22.60752688172043	16.82	0.94	36.63978494623655	27.259999999999998	0.94	36.63978494623655	27.259999999999998
II	28	672	77.38095238095238	52					1.51	116.84523809523809	78.52	0.46	35.595238095238095	23.92	1.01	78.1547619047619	52.52	1.01	78.1547619047619	52.52					1.76	136.19047619047618	91.52	0.48	37.14285714285714	24.96	1	77.38095238095238	52	1	77.38095238095238	52			126.51785714285714	85.02	36.36904761904762	24.44	77.76785714285714	52.260000000000005	77.76785714285714	52.260000000000005			1.72	133.0952380952381	89.44	0.57	44.107142857142854	29.639999999999997	0.94	72.73809523809523	48.879999999999995	0.94	72.73809523809523	48.879999999999995
III	31	744	116.93548387096774	87					1.26	147.33870967741936	109.62	0.56	65.48387096774194	48.720000000000006	1	116.93548387096774	87	1	116.93548387096774	87					1.35	157.86290322580646	117.45	0.46	53.79032258064517	40.02	0.95	111.08870967741935	82.64999999999999	0.95	111.08870967741935	82.64999999999999			152.60080645161293	113.535	59.63709677419355	44.370000000000005	114.01209677419354	84.82499999999999	114.01209677419354	84.82499999999999			1.22	142.66129032258064	106.14	0.53	61.975806451612904	46.11	0.86	100.56451612903226	74.82	0.86	100.56451612903226	74.82
IV	30	720	177.77777777777777	128					1.1	195.55555555555557	140.8	0.71	126.22222222222221	90.88	0.97	172.44444444444443	124.16	0.97	172.44444444444443	124.16					1.04	184.88888888888889	133.12	0.42	74.66666666666666	53.76	0.87	154.66666666666666	111.36	0.87	154.66666666666666	111.36			190.22222222222223	136.96	100.44444444444443	72.32	163.55555555555554	117.75999999999999	163.55555555555554	117.75999999999999			0.82	145.77777777777777	104.96	0.41	72.88888888888889	52.48	0.69	122.66666666666666	88.32	0.69	122.66666666666666	88.32
V	31	744	201.61290322580646	150					1.01	203.62903225806454	151.5	0.81	163.30645161290323	121.50000000000001	0.96	193.5483870967742	144	0.96	193.5483870967742	144					0.87	175.40322580645162	130.5	0.44	88.70967741935485	66	0.82	165.32258064516128	122.99999999999999	0.82	165.32258064516128	122.99999999999999			189.51612903225808	141	126.00806451612904	93.75	179.43548387096774	133.5	179.43548387096774	133.5			0.6	120.96774193548387	90	0.37	74.59677419354838	55.5	0.6	120.96774193548387	90	0.6	120.96774193548387	90
VI	30	720	223.61111111111111	161				Oravská Lesná	0.97	216.90277777777777	156.17	0.83	185.59722222222223	133.63	0.95	212.43055555555554	152.95	0.95	212.43055555555554	152.95		Oravská Lesná			0.79	176.6527777777778	127.19000000000001	0.47	105.09722222222221	75.67	0.79	176.6527777777778	127.19000000000001	0.79	176.6527777777778	127.19000000000001		Oravská Lesná	196.77777777777777	141.68	145.34722222222223	104.65	194.54166666666669	140.07	194.54166666666669	140.07		Oravská Lesná	0.52	116.27777777777779	83.72	0.35	78.26388888888889	56.349999999999994	0.56	125.22222222222224	90.16000000000001	0.56	125.22222222222224	90.16000000000001
VII	31	744	212.36559139784947	158				3	0.99	210.24193548387098	156.42	0.82	174.13978494623655	129.56	0.95	201.747311827957	150.1	0.95	201.747311827957	150.1		3			0.81	172.01612903225808	127.98	0.44	93.44086021505377	69.52	0.79	167.7688172043011	124.82000000000001	0.79	167.7688172043011	124.82000000000001		3	191.1290322580645	142.2	133.79032258064515	99.53999999999999	184.75806451612902	137.46	184.75806451612902	137.46		oblast 3	0.53	112.55376344086022	83.74000000000001	0.34	72.20430107526883	53.720000000000006	0.55	116.80107526881721	86.9	0.55	116.80107526881721	86.9
VIII	31	744	190.86021505376345	142					1.04	198.494623655914	147.68	0.74	141.23655913978496	105.08	0.95	181.31720430107526	134.9	0.95	181.31720430107526	134.9					0.91	173.68279569892474	129.22	0.36	68.70967741935485	51.12	0.81	154.5967741935484	115.02000000000001	0.81	154.5967741935484	115.02000000000001			186.0887096774194	138.45	104.9731182795699	78.1	167.95698924731184	124.96000000000001	167.95698924731184	124.96000000000001			0.63	120.24193548387098	89.46	0.31	59.16666666666667	44.02	0.57	108.79032258064515	80.94	0.57	108.79032258064515	80.94
IX	30	720	150	108					1.18	177	127.44	0.59	88.5	63.72	0.96	144	103.67999999999999	0.96	144	103.67999999999999					1.13	169.49999999999997	122.03999999999999	0.32	48	34.56	0.83	124.5	89.64	0.83	124.5	89.64			173.25	124.74	68.25	49.14	134.25	96.66	134.25	96.66			0.88	132	95.04	0.3	45	32.4	0.61	91.5	65.88	0.61	91.5	65.88
X	31	744	87.36559139784946	65					1.43	124.93279569892472	92.95	0.38	33.19892473118279	24.7	0.98	85.61827956989247	63.699999999999996	0.98	85.61827956989247	63.699999999999996					1.58	138.03763440860214	102.7	0.31	27.083333333333332	20.15	0.89	77.75537634408602	57.85	0.89	77.75537634408602	57.85			131.48521505376343	97.825	30.141129032258064	22.424999999999997	81.68682795698925	60.775	81.68682795698925	60.775			1.38	120.56451612903224	89.69999999999999	0.31	27.083333333333332	20.15	0.7	61.15591397849462	45.5	0.7	61.15591397849462	45.5
XI	30	720	43.05555555555556	31					1.65	71.04166666666667	51.15	0.44	18.944444444444446	13.64	1	43.05555555555556	31	1	43.05555555555556	31					1.98	85.25	61.38	0.42	18.083333333333332	13.02	0.93	40.04166666666667	28.830000000000002	0.93	40.04166666666667	28.830000000000002			78.14583333333334	56.265	18.51388888888889	13.33	41.548611111111114	29.915	41.548611111111114	29.915			1.9	81.80555555555556	58.9	0.43	18.51388888888889	13.33	0.78	33.583333333333336	24.18	0.78	33.583333333333336	24.18
XII	31	744	29.56989247311828	22					1.85	54.70430107526882	40.7	0.49	14.489247311827956	10.78	1.01	29.865591397849464	22.22	1.01	29.865591397849464	22.22					2.32	68.6021505376344	51.04	0.51	15.080645161290324	11.22	1	29.56989247311828	22	1	29.56989247311828	22			61.653225806451616	45.870000000000005	14.78494623655914	11	29.717741935483872	22.11	29.717741935483872	22.11			2.35	69.48924731182797	51.7	0.57	16.854838709677416	12.54	0.92	27.20430107526882	20.240000000000002	0.92	27.20430107526882	20.240000000000002
																																																												
month	days	hours		horizontal					South			North			East 			West							South			North			East 			West					South		North		East		West				South			North			East 			West		
			W/m2	kWh/m2					kvoc	W/m2	kWh/m2	kvoc	W/m2	kWh/m2	kvoc	W/m2	kWh/m2	kvoc	W/m2	kWh/m2					kvoc	W/m2	kWh/m2	kvoc	W/m2	kWh/m2	kvoc	W/m2	kWh/m2	kvoc	W/m2	kWh/m2			W/m2	kWh/m2	W/m2	kWh/m2	W/m2	kWh/m2	W/m2	kWh/m2			kvoc	W/m2	kWh/m2	kvoc	W/m2	kWh/m2	kvoc	W/m2	kWh/m2	kvoc	W/m2	kWh/m2
I	31	744	43.01075268817204	32					1.75	75.26881720430107	56	0.47	20.215053763440856	15.04	1.02	43.87096774193548	32.64	1.02	43.87096774193548	32.64					2.2	94.6236559139785	70.4	0.5	21.50537634408602	16	1.01	43.44086021505376	32.32	1.01	43.44086021505376	32.32			84.94623655913978	63.2	20.86021505376344	15.52	43.655913978494624	32.480000000000004	43.655913978494624	32.480000000000004			2.22	95.48387096774194	71.04	0.58	24.94623655913978	18.56	0.94	40.43010752688171	30.08	0.94	40.43010752688171	30.08
II	28	672	86.30952380952381	58					1.51	130.32738095238096	87.58	0.46	39.702380952380956	26.68	1.01	87.17261904761905	58.58	1.01	87.17261904761905	58.58					1.76	151.9047619047619	102.08	0.48	41.42857142857143	27.84	1	86.30952380952381	58	1	86.30952380952381	58			141.11607142857144	94.83	40.56547619047619	27.259999999999998	86.74107142857143	58.29	86.74107142857143	58.29			1.72	148.45238095238096	99.76	0.57	49.19642857142857	33.059999999999995	0.94	81.13095238095238	54.519999999999996	0.94	81.13095238095238	54.519999999999996
III	31	744	129.03225806451613	96					1.26	162.58064516129033	120.96000000000001	0.56	72.25806451612904	53.760000000000005	1	129.03225806451613	96	1	129.03225806451613	96					1.35	174.1935483870968	129.60000000000002	0.46	59.35483870967742	44.160000000000004	0.95	122.58064516129032	91.19999999999999	0.95	122.58064516129032	91.19999999999999			168.38709677419357	125.28000000000002	65.80645161290323	48.96000000000001	125.80645161290323	93.6	125.80645161290323	93.6			1.22	157.41935483870967	117.12	0.53	68.38709677419355	50.88	0.86	110.96774193548387	82.56	0.86	110.96774193548387	82.56
IV	30	720	184.72222222222223	133					1.1	203.19444444444446	146.3	0.71	131.15277777777777	94.42999999999999	0.97	179.18055555555554	129.01	0.97	179.18055555555554	129.01					1.04	192.11111111111111	138.32	0.42	77.58333333333333	55.86	0.87	160.70833333333334	115.71	0.87	160.70833333333334	115.71			197.65277777777777	142.31	104.36805555555554	75.145	169.94444444444446	122.35999999999999	169.94444444444446	122.35999999999999			0.82	151.47222222222223	109.05999999999999	0.41	75.73611111111111	54.529999999999994	0.69	127.45833333333333	91.77	0.69	127.45833333333333	91.77
V	31	744	231.18279569892474	172					1.01	233.49462365591398	173.72	0.81	187.25806451612905	139.32000000000002	0.96	221.93548387096774	165.12	0.96	221.93548387096774	165.12					0.87	201.1290322580645	149.64	0.44	101.72043010752688	75.68	0.82	189.56989247311827	141.04	0.82	189.56989247311827	141.04			217.31182795698925	161.68	144.48924731182797	107.50000000000001	205.752688172043	153.07999999999998	205.752688172043	153.07999999999998			0.6	138.70967741935485	103.2	0.37	85.53763440860214	63.64	0.6	138.70967741935485	103.2	0.6	138.70967741935485	103.2
VI	30	720	238.88888888888889	172				Poprad	0.97	231.7222222222222	166.84	0.83	198.27777777777777	142.76	0.95	226.94444444444443	163.4	0.95	226.94444444444443	163.4		Poprad			0.79	188.72222222222223	135.88	0.47	112.27777777777777	80.83999999999999	0.79	188.72222222222223	135.88	0.79	188.72222222222223	135.88		Poprad	210.22222222222223	151.36	155.27777777777777	111.79999999999998	207.83333333333331	149.64	207.83333333333331	149.64		Poprad	0.52	124.22222222222223	89.44	0.35	83.6111111111111	60.199999999999996	0.56	133.7777777777778	96.32000000000001	0.56	133.7777777777778	96.32000000000001
VII	31	744	227.1505376344086	169				3	0.99	224.8790322580645	167.31	0.82	186.26344086021504	138.57999999999998	0.95	215.79301075268816	160.54999999999998	0.95	215.79301075268816	160.54999999999998		3			0.81	183.99193548387098	136.89000000000001	0.44	99.94623655913979	74.36	0.79	179.4489247311828	133.51000000000002	0.79	179.4489247311828	133.51000000000002		3	204.43548387096774	152.10000000000002	143.1048387096774	106.47	197.6209677419355	147.03	197.6209677419355	147.03		oblast 3	0.53	120.38978494623657	89.57000000000001	0.34	77.23118279569893	57.46	0.55	124.93279569892475	92.95	0.55	124.93279569892475	92.95
VIII	31	744	200.2688172043011	149					1.04	208.27956989247315	154.96	0.74	148.1989247311828	110.26	0.95	190.25537634408602	141.54999999999998	0.95	190.25537634408602	141.54999999999998					0.91	182.24462365591398	135.59	0.36	72.09677419354838	53.64	0.81	162.2177419354839	120.69000000000001	0.81	162.2177419354839	120.69000000000001			195.26209677419357	145.275	110.1478494623656	81.95	176.23655913978496	131.12	176.23655913978496	131.12			0.63	126.16935483870968	93.87	0.31	62.083333333333336	46.19	0.57	114.15322580645162	84.92999999999999	0.57	114.15322580645162	84.92999999999999
IX	30	720	158.33333333333334	114					1.18	186.83333333333334	134.51999999999998	0.59	93.41666666666667	67.25999999999999	0.96	152	109.44	0.96	152	109.44					1.13	178.91666666666666	128.82	0.32	50.66666666666667	36.480000000000004	0.83	131.41666666666666	94.61999999999999	0.83	131.41666666666666	94.61999999999999			182.875	131.67	72.04166666666667	51.87	141.70833333333331	102.03	141.70833333333331	102.03			0.88	139.33333333333334	100.32000000000001	0.3	47.5	34.199999999999996	0.61	96.58333333333334	69.53999999999999	0.61	96.58333333333334	69.53999999999999
X	31	744	94.08602150537635	70					1.43	134.5430107526882	100.1	0.38	35.752688172043015	26.6	0.98	92.20430107526882	68.6	0.98	92.20430107526882	68.6					1.58	148.65591397849465	110.60000000000001	0.31	29.166666666666668	21.7	0.89	83.73655913978496	62.300000000000004	0.89	83.73655913978496	62.300000000000004			141.59946236559142	105.35	32.45967741935484	24.15	87.97043010752688	65.45	87.97043010752688	65.45			1.38	129.83870967741936	96.6	0.31	29.166666666666668	21.7	0.7	65.86021505376344	49	0.7	65.86021505376344	49
XI	30	720	47.22222222222222	34					1.65	77.91666666666666	56.099999999999994	0.44	20.77777777777778	14.96	1	47.22222222222222	34	1	47.22222222222222	34					1.98	93.5	67.32	0.42	19.833333333333332	14.28	0.93	43.91666666666667	31.62	0.93	43.91666666666667	31.62			85.70833333333333	61.709999999999994	20.305555555555557	14.620000000000001	45.56944444444444	32.81	45.56944444444444	32.81			1.9	89.72222222222221	64.6	0.43	20.305555555555554	14.62	0.78	36.833333333333336	26.52	0.78	36.833333333333336	26.52
XII	31	744	32.25806451612903	24					1.85	59.67741935483871	44.400000000000006	0.49	15.806451612903226	11.76	1.01	32.58064516129032	24.240000000000002	1.01	32.58064516129032	24.240000000000002					2.32	74.83870967741935	55.67999999999999	0.51	16.451612903225808	12.24	1	32.25806451612903	24	1	32.25806451612903	24			67.25806451612902	50.04	16.129032258064516	12	32.41935483870968	24.12	32.41935483870968	24.12			2.35	75.80645161290323	56.400000000000006	0.57	18.387096774193548	13.68	0.92	29.67741935483871	22.080000000000002	0.92	29.67741935483871	22.080000000000002
																																																												
month	days	hours		horizontal					South			North			East 			West							South			North			East 			West					South		North		East		West				South			North			East 			West		
			W/m2	kWh/m2					kvoc	W/m2	kWh/m2	kvoc	W/m2	kWh/m2	kvoc	W/m2	kWh/m2	kvoc	W/m2	kWh/m2					kvoc	W/m2	kWh/m2	kvoc	W/m2	kWh/m2	kvoc	W/m2	kWh/m2	kvoc	W/m2	kWh/m2			W/m2	kWh/m2	W/m2	kWh/m2	W/m2	kWh/m2	W/m2	kWh/m2			kvoc	W/m2	kWh/m2	kvoc	W/m2	kWh/m2	kvoc	W/m2	kWh/m2	kvoc	W/m2	kWh/m2
I	31	744	34.946236559139784	26					1.61	56.263440860215056	41.86	0.52	18.172043010752688	13.52	1	34.946236559139784	26	1	34.946236559139784	26					1.94	67.79569892473118	50.44	0.51	17.822580645161292	13.26	0.95	33.19892473118279	24.7	0.95	33.19892473118279	24.7			62.02956989247312	46.15	17.99731182795699	13.39	34.07258064516129	25.35	34.07258064516129	25.35			1.92	67.09677419354838	49.92	0.55	19.220430107526884	14.3	0.85	29.704301075268816	22.099999999999998	0.85	29.704301075268816	22.099999999999998
II	28	672	71.42857142857143	48					1.45	103.57142857142857	69.6	0.45	32.142857142857146	21.6	0.98	70	47.04	0.98	70	47.04					1.64	117.14285714285714	78.72	0.44	31.42857142857143	21.12	0.92	65.71428571428572	44.160000000000004	0.92	65.71428571428572	44.160000000000004			110.35714285714286	74.16	31.78571428571429	21.36	67.85714285714286	45.6	67.85714285714286	45.6			1.54	110	73.92	0.47	33.57142857142857	22.56	0.8	57.142857142857146	38.400000000000006	0.8	57.142857142857146	38.400000000000006
III	31	744	115.59139784946237	86					1.25	144.48924731182797	107.5	0.52	60.10752688172043	44.72	0.96	110.96774193548387	82.56	0.96	110.96774193548387	82.56					1.28	147.95698924731184	110.08	0.35	40.456989247311824	30.099999999999998	0.85	98.25268817204301	73.1	0.85	98.25268817204301	73.1			146.22311827956992	108.78999999999999	50.28225806451613	37.41	104.61021505376344	77.83	104.61021505376344	77.83			1.06	122.52688172043011	91.16000000000001	0.34	39.30107526881721	29.240000000000002	0.67	77.44623655913979	57.620000000000005	0.67	77.44623655913979	57.620000000000005
IV	30	720	180.55555555555554	130					1.09	196.80555555555554	141.70000000000002	0.68	122.77777777777777	88.4	0.94	169.7222222222222	122.19999999999999	0.94	169.7222222222222	122.19999999999999					0.99	178.75	128.7	0.34	61.388888888888886	44.2	0.81	146.25	105.30000000000001	0.81	146.25	105.30000000000001			187.77777777777777	135.2	92.08333333333333	66.30000000000001	157.9861111111111	113.75	157.9861111111111	113.75			0.72	130	93.6	0.3	54.166666666666664	39	0.59	106.52777777777777	76.7	0.59	106.52777777777777	76.7
V	31	744	216.3978494623656	161					1.01	218.56182795698925	162.61	0.79	170.95430107526883	127.19000000000001	0.94	203.41397849462365	151.34	0.94	203.41397849462365	151.34					0.84	181.7741935483871	135.24	0.4	86.55913978494624	64.4	0.79	170.95430107526883	127.19000000000001	0.79	170.95430107526883	127.19000000000001			200.1680107526882	148.925	128.75672043010752	95.79500000000002	187.18413978494624	139.26500000000001	187.18413978494624	139.26500000000001			0.55	119.01881720430109	88.55000000000001	0.3	64.91935483870968	48.3	0.56	121.18279569892475	90.16000000000001	0.56	121.18279569892475	90.16000000000001
VI	30	720	240.27777777777777	173				Rimavská Sobota	0.97	233.06944444444443	167.81	0.82	197.02777777777777	141.85999999999999	0.93	223.45833333333334	160.89000000000001	0.93	223.45833333333334	160.89000000000001		Rimavská Sobota			0.78	187.41666666666666	134.94	0.45	108.125	77.85000000000001	0.78	187.41666666666666	134.94	0.78	187.41666666666666	134.94		Rimavská Sobota	210.24305555555554	151.375	152.57638888888889	109.85499999999999	205.4375	147.91500000000002	205.4375	147.91500000000002		Rimavská Sobota	0.5	120.13888888888889	86.5	0.32	76.88888888888889	55.36	0.55	132.15277777777777	95.15	0.55	132.15277777777777	95.15
VII	31	744	229.83870967741936	171				2	0.98	225.24193548387098	167.57999999999998	0.81	186.1693548387097	138.51000000000002	0.93	213.75000000000003	159.03	0.93	213.75000000000003	159.03		2			0.81	186.1693548387097	138.51000000000002	0.42	96.53225806451613	71.82	0.78	179.2741935483871	133.38	0.78	179.2741935483871	133.38		2	205.70564516129033	153.04500000000002	141.35080645161293	105.165	196.51209677419357	146.20499999999998	196.51209677419357	146.20499999999998		oblast 2	0.52	119.51612903225806	88.92	0.31	71.25	53.01	0.55	126.41129032258065	94.05000000000001	0.55	126.41129032258065	94.05000000000001
VIII	31	744	193.5483870967742	144					1.04	201.29032258064518	149.76	0.73	141.29032258064515	105.12	0.94	181.93548387096774	135.35999999999999	0.94	181.93548387096774	135.35999999999999					0.91	176.12903225806454	131.04	0.35	67.74193548387096	50.4	0.79	152.90322580645164	113.76	0.79	152.90322580645164	113.76			188.70967741935488	140.39999999999998	104.51612903225805	77.76	167.4193548387097	124.56	167.4193548387097	124.56			0.62	120	89.28	0.3	58.064516129032256	43.199999999999996	0.57	110.32258064516128	82.08	0.57	110.32258064516128	82.08
IX	30	720	150	108					1.17	175.5	126.35999999999999	0.59	88.5	63.72	0.95	142.5	102.6	0.95	142.5	102.6					1.11	166.50000000000003	119.88000000000001	0.31	46.5	33.48	0.81	121.50000000000001	87.48	0.81	121.50000000000001	87.48			171	123.12	67.5	48.599999999999994	132	95.03999999999999	132	95.03999999999999			0.85	127.5	91.8	0.28	42.00000000000001	30.240000000000002	0.6	90	64.8	0.6	90	64.8
X	31	744	84.6774193548387	63					1.33	112.62096774193549	83.79	0.45	38.104838709677416	28.35	0.96	81.29032258064515	60.48	0.96	81.29032258064515	60.48					1.4	118.54838709677418	88.19999999999999	0.34	28.79032258064516	21.42	0.84	71.12903225806451	52.919999999999995	0.84	71.12903225806451	52.919999999999995			115.58467741935483	85.995	33.44758064516129	24.885	76.20967741935483	56.699999999999996	76.20967741935483	56.699999999999996			1.19	100.76612903225805	74.97	0.3	25.403225806451612	18.9	0.63	53.346774193548384	39.69	0.63	53.346774193548384	39.69
XI	30	720	40.27777777777778	29					1.52	61.22222222222222	44.08	0.47	18.930555555555554	13.629999999999999	0.97	39.06944444444444	28.13	0.97	39.06944444444444	28.13					1.75	70.48611111111111	50.75	0.4	16.11111111111111	11.600000000000001	0.86	34.638888888888886	24.94	0.86	34.638888888888886	24.94			65.85416666666667	47.415	17.520833333333332	12.615	36.854166666666664	26.535	36.854166666666664	26.535			1.62	65.25	46.980000000000004	0.37	14.902777777777779	10.73	0.65	26.180555555555557	18.85	0.65	26.180555555555557	18.85
XII	31	744	26.881720430107528	20					1.76	47.31182795698925	35.2	0.48	12.903225806451612	9.6	0.99	26.612903225806452	19.8	0.99	26.612903225806452	19.8					2.15	57.795698924731184	43	0.46	12.365591397849464	9.200000000000001	0.9	24.193548387096776	18	0.9	24.193548387096776	18			52.553763440860216	39.1	12.634408602150538	9.4	25.403225806451616	18.9	25.403225806451616	18.9			2.19	58.87096774193549	43.8	0.46	12.365591397849464	9.200000000000001	0.77	20.698924731182796	15.4	0.77	20.698924731182796	15.4
																																																												
month	days	hours		horizontal					South			North			East 			West							South			North			East 			West					South		North		East		West				South			North			East 			West		
			W/m2	kWh/m2					kvoc	W/m2	kWh/m2	kvoc	W/m2	kWh/m2	kvoc	W/m2	kWh/m2	kvoc	W/m2	kWh/m2					kvoc	W/m2	kWh/m2	kvoc	W/m2	kWh/m2	kvoc	W/m2	kWh/m2	kvoc	W/m2	kWh/m2			W/m2	kWh/m2	W/m2	kWh/m2	W/m2	kWh/m2	W/m2	kWh/m2			kvoc	W/m2	kWh/m2	kvoc	W/m2	kWh/m2	kvoc	W/m2	kWh/m2	kvoc	W/m2	kWh/m2
I	31	744	32.25806451612903	24					1.61	51.935483870967744	38.64	0.52	16.774193548387096	12.48	1	32.25806451612903	24	1	32.25806451612903	24					1.94	62.58064516129032	46.56	0.51	16.451612903225808	12.24	0.95	30.64516129032258	22.799999999999997	0.95	30.64516129032258	22.799999999999997			57.25806451612903	42.6	16.612903225806452	12.36	31.451612903225808	23.4	31.451612903225808	23.4			1.92	61.93548387096774	46.08	0.55	17.741935483870968	13.200000000000001	0.85	27.419354838709676	20.4	0.85	27.419354838709676	20.4
II	28	672	71.42857142857143	48					1.45	103.57142857142857	69.6	0.45	32.142857142857146	21.6	0.98	70	47.04	0.98	70	47.04					1.64	117.14285714285714	78.72	0.44	31.42857142857143	21.12	0.92	65.71428571428572	44.160000000000004	0.92	65.71428571428572	44.160000000000004			110.35714285714286	74.16	31.78571428571429	21.36	67.85714285714286	45.6	67.85714285714286	45.6			1.54	110	73.92	0.47	33.57142857142857	22.56	0.8	57.142857142857146	38.400000000000006	0.8	57.142857142857146	38.400000000000006
III	31	744	112.90322580645162	84					1.25	141.1290322580645	105	0.52	58.70967741935484	43.68	0.96	108.38709677419355	80.64	0.96	108.38709677419355	80.64					1.28	144.51612903225808	107.52	0.35	39.516129032258064	29.4	0.85	95.96774193548387	71.39999999999999	0.85	95.96774193548387	71.39999999999999			142.82258064516128	106.25999999999999	49.11290322580645	36.54	102.17741935483872	76.02	102.17741935483872	76.02			1.06	119.67741935483872	89.04	0.34	38.38709677419355	28.560000000000002	0.67	75.64516129032259	56.28	0.67	75.64516129032259	56.28
IV	30	720	179.16666666666666	129					1.09	195.29166666666666	140.61	0.68	121.83333333333333	87.72000000000001	0.94	168.41666666666666	121.25999999999999	0.94	168.41666666666666	121.25999999999999					0.99	177.375	127.71	0.34	60.916666666666664	43.86000000000001	0.81	145.125	104.49000000000001	0.81	145.125	104.49000000000001			186.33333333333331	134.16	91.375	65.79	156.77083333333331	112.875	156.77083333333331	112.875			0.72	129	92.88	0.3	53.74999999999999	38.699999999999996	0.59	105.70833333333333	76.11	0.59	105.70833333333333	76.11
V	31	744	215.05376344086022	160					1.01	217.20430107526883	161.6	0.79	169.89247311827958	126.4	0.94	202.1505376344086	150.39999999999998	0.94	202.1505376344086	150.39999999999998					0.84	180.6451612903226	134.4	0.4	86.0215053763441	64	0.79	169.89247311827958	126.4	0.79	169.89247311827958	126.4			198.9247311827957	148	127.95698924731184	95.2	186.0215053763441	138.39999999999998	186.0215053763441	138.39999999999998			0.55	118.27956989247313	88	0.3	64.51612903225806	48	0.56	120.43010752688174	89.60000000000001	0.56	120.43010752688174	89.60000000000001
VI	30	720	238.88888888888889	172				Trenčian. Biskupice	0.97	231.7222222222222	166.84	0.82	195.88888888888889	141.04	0.93	222.16666666666669	159.96	0.93	222.16666666666669	159.96		Trenčian. Biskupice			0.78	186.33333333333334	134.16	0.45	107.5	77.4	0.78	186.33333333333334	134.16	0.78	186.33333333333334	134.16		Trenčian. Biskupice	209.02777777777777	150.5	151.69444444444446	109.22	204.25	147.06	204.25	147.06		Trenčian. Biskupice	0.5	119.44444444444444	86	0.32	76.44444444444444	55.04	0.55	131.38888888888889	94.60000000000001	0.55	131.38888888888889	94.60000000000001
VII	31	744	223.11827956989248	166				2	0.98	218.65591397849462	162.68	0.81	180.72580645161293	134.46	0.93	207.50000000000003	154.38	0.93	207.50000000000003	154.38		2			0.81	180.72580645161293	134.46	0.42	93.70967741935483	69.72	0.78	174.03225806451613	129.48000000000002	0.78	174.03225806451613	129.48000000000002		2	199.69086021505376	148.57	137.21774193548387	102.09	190.76612903225808	141.93	190.76612903225808	141.93		oblast 2	0.52	116.0215053763441	86.32000000000001	0.31	69.16666666666667	51.46	0.55	122.71505376344088	91.30000000000001	0.55	122.71505376344088	91.30000000000001
VIII	31	744	193.5483870967742	144					1.04	201.29032258064518	149.76	0.73	141.29032258064515	105.12	0.94	181.93548387096774	135.35999999999999	0.94	181.93548387096774	135.35999999999999					0.91	176.12903225806454	131.04	0.35	67.74193548387096	50.4	0.79	152.90322580645164	113.76	0.79	152.90322580645164	113.76			188.70967741935488	140.39999999999998	104.51612903225805	77.76	167.4193548387097	124.56	167.4193548387097	124.56			0.62	120	89.28	0.3	58.064516129032256	43.199999999999996	0.57	110.32258064516128	82.08	0.57	110.32258064516128	82.08
IX	30	720	144.44444444444446	104					1.17	169	121.67999999999999	0.59	85.22222222222223	61.36	0.95	137.22222222222223	98.8	0.95	137.22222222222223	98.8					1.11	160.33333333333337	115.44000000000001	0.31	44.77777777777778	32.24	0.81	117.00000000000001	84.24000000000001	0.81	117.00000000000001	84.24000000000001			164.66666666666669	118.56	65	46.8	127.11111111111111	91.52000000000001	127.11111111111111	91.52000000000001			0.85	122.77777777777779	88.39999999999999	0.28	40.44444444444445	29.120000000000005	0.6	86.66666666666667	62.4	0.6	86.66666666666667	62.4
X	31	744	80.64516129032258	60					1.33	107.25806451612904	79.80000000000001	0.45	36.29032258064516	27	0.96	77.41935483870967	57.599999999999994	0.96	77.41935483870967	57.599999999999994					1.4	112.9032258064516	84	0.34	27.41935483870968	20.400000000000002	0.84	67.74193548387096	50.4	0.84	67.74193548387096	50.4			110.08064516129032	81.9	31.85483870967742	23.700000000000003	72.5806451612903	54	72.5806451612903	54			1.19	95.96774193548386	71.39999999999999	0.3	24.193548387096772	18	0.63	50.806451612903224	37.8	0.63	50.806451612903224	37.8
XI	30	720	38.888888888888886	28					1.52	59.11111111111111	42.56	0.47	18.277777777777775	13.16	0.97	37.72222222222222	27.16	0.97	37.72222222222222	27.16					1.75	68.05555555555554	49	0.4	15.555555555555555	11.200000000000001	0.86	33.44444444444444	24.08	0.86	33.44444444444444	24.08			63.58333333333333	45.78	16.916666666666664	12.18	35.58333333333333	25.619999999999997	35.58333333333333	25.619999999999997			1.62	63	45.36	0.37	14.388888888888888	10.36	0.65	25.277777777777775	18.2	0.65	25.277777777777775	18.2
XII	31	744	25.537634408602152	19					1.76	44.946236559139784	33.44	0.48	12.258064516129032	9.12	0.99	25.28225806451613	18.81	0.99	25.28225806451613	18.81					2.15	54.905913978494624	40.85	0.46	11.74731182795699	8.74	0.9	22.983870967741936	17.1	0.9	22.983870967741936	17.1			49.9260752688172	37.144999999999996	12.002688172043012	8.93	24.133064516129032	17.955	24.133064516129032	17.955			2.19	55.92741935483871	41.61	0.46	11.74731182795699	8.74	0.77	19.663978494623656	14.63	0.77	19.663978494623656	14.63